,CensusTract,State,County,Urban,Pop2010,OHU2010,GroupQuartersFlag,NUMGQTRS,PCTGQTRS,LILATracts_1And10,LILATracts_halfAnd10,LILATracts_1And20,LILATracts_Vehicle,HUNVFlag,LowIncomeTracts,PovertyRate,MedianFamilyIncome,LA1and10,LAhalfand10,LA1and20,LATracts_half,LATracts1,LATracts10,LATracts20,LATractsVehicle_20,LAPOP1_10,LAPOP05_10,LAPOP1_20,LALOWI1_10,LALOWI05_10,LALOWI1_20,lapophalf,lapophalfshare,lalowihalf,lalowihalfshare,lakidshalf,lakidshalfshare,laseniorshalf,laseniorshalfshare,lawhitehalf,lawhitehalfshare,lablackhalf,lablackhalfshare,laasianhalf,laasianhalfshare,lanhopihalf,lanhopihalfshare,laaianhalf,laaianhalfshare,laomultirhalf,laomultirhalfshare,lahisphalf,lahisphalfshare,lahunvhalf,lahunvhalfshare,lasnaphalf,lasnaphalfshare,lapop1,lapop1share,lalowi1,lalowi1share,lakids1,lakids1share,laseniors1,laseniors1share,lawhite1,lawhite1share,lablack1,lablack1share,laasian1,laasian1share,lanhopi1,lanhopi1share,laaian1,laaian1share,laomultir1,laomultir1share,lahisp1,lahisp1share,lahunv1,lahunv1share,lasnap1,lasnap1share,lapop10,lapop10share,lalowi10,lalowi10share,lakids10,lakids10share,laseniors10,laseniors10share,lawhite10,lawhite10share,lablack10,lablack10share,laasian10,laasian10share,lanhopi10,lanhopi10share,laaian10,laaian10share,laomultir10,laomultir10share,lahisp10,lahisp10share,lahunv10,lahunv10share,lasnap10,lasnap10share,lapop20,lapop20share,lalowi20,lalowi20share,lakids20,lakids20share,laseniors20,laseniors20share,lawhite20,lawhite20share,lablack20,lablack20share,laasian20,laasian20share,lanhopi20,lanhopi20share,laaian20,laaian20share,laomultir20,laomultir20share,lahisp20,lahisp20share,lahunv20,lahunv20share,lasnap20,lasnap20share,TractLOWI,TractKids,TractSeniors,TractWhite,TractBlack,TractAsian,TractNHOPI,TractAIAN,TractOMultir,TractHispanic,TractHUNV,TractSNAP
0,01001020100,Alabama,Autauga County,1,1912,693,0,0.0,0.0,0,0,0,0,0,0,11.3,81250.0,1,1,1,1,1,0,0,0,1896.0,1912.0,1896.0,461.0,467.0,461.0,1912.0,100.0,467.0,24.42,507.0,26.52,221.0,11.56,1622.0,84.83,217.0,11.35,14.0,0.73,0.0,0.0,14.0,0.73,45.0,2.35,44.0,2.3,5.0,0.79,92.0,13.33,1896.0,99.19,461.0,24.11,504.0,26.33,219.0,11.44,1611.0,84.26,214.0,11.17,14.0,0.72,0.0,0.0,14.0,0.73,44.0,2.31,43.0,2.27,5.0,0.79,92.0,13.22,,,,,,,,,,,,,,,,,,,,,,,,,,,,,,,,,,,,,,,,,,,,,,,,,,,,,455.0,507.0,221.0,1622.0,217.0,14.0,0.0,14.0,45.0,44.0,6.0,102.0
1,01001020200,Alabama,Autauga County,1,2170,743,0,181.0,8.34,1,1,1,0,0,1,17.9,49000.0,1,1,1,1,1,0,0,0,1261.0,2170.0,1261.0,604.0,962.0,604.0,2170.0,100.0,962.0,44.34,606.0,27.93,214.0,9.86,888.0,40.92,1217.0,56.08,5.0,0.23,0.0,0.0,5.0,0.23,55.0,2.53,75.0,3.46,93.0,12.47,161.0,21.7,1261.0,58.11,604.0,27.83,406.0,18.69,127.0,5.83,357.0,16.43,854.0,39.36,4.0,0.18,0.0,0.0,4.0,0.2,42.0,1.93,33.0,1.52,67.0,9.0,96.0,12.95,,,,,,,,,,,,,,,,,,,,,,,,,,,,,,,,,,,,,,,,,,,,,,,,,,,,,802.0,606.0,214.0,888.0,1217.0,5.0,0.0,5.0,55.0,75.0,89.0,156.0
2,01001020300,Alabama,Autauga County,1,3373,1256,0,0.0,0.0,0,0,0,0,0,0,15.0,62609.0,1,1,1,1,1,0,0,0,1552.0,2857.0,1552.0,478.0,971.0,478.0,2857.0,84.7,971.0,28.79,771.0,22.86,358.0,10.6,2177.0,64.53,554.0,16.43,10.0,0.3,1.0,0.03,10.0,0.3,105.0,3.1,78.0,2.3,39.0,3.09,139.0,11.05,1552.0,46.0,478.0,14.18,416.0,12.34,201.0,5.96,1242.0,36.81,255.0,7.56,8.0,0.24,0.0,0.0,2.0,0.06,45.0,1.33,36.0,1.08,0.0,0.0,74.0,5.87,,,,,,,,,,,,,,,,,,,,,,,,,,,,,,,,,,,,,,,,,,,,,,,,,,,,,1306.0,894.0,439.0,2576.0,647.0,17.0,5.0,11.0,117.0,87.0,99.0,172.0
3,01001020400,Alabama,Autauga County,1,4386,1722,0,0.0,0.0,0,0,0,0,0,0,2.8,70607.0,1,1,1,1,1,0,0,0,1363.0,3651.0,1363.0,343.0,893.0,343.0,3651.0,83.24,893.0,20.36,847.0,19.3,767.0,17.48,3395.0,77.41,170.0,3.88,15.0,0.34,3.0,0.06,8.0,0.18,60.0,1.38,61.0,1.4,19.0,1.13,84.0,4.88,1363.0,31.09,343.0,7.83,346.0,7.89,237.0,5.39,1233.0,28.12,81.0,1.85,7.0,0.16,2.0,0.05,4.0,0.08,37.0,0.84,30.0,0.68,8.0,0.46,30.0,1.76,,,,,,,,,,,,,,,,,,,,,,,,,,,,,,,,,,,,,,,,,,,,,,,,,,,,,922.0,1015.0,904.0,4086.0,193.0,18.0,4.0,11.0,74.0,85.0,21.0,98.0
4,01001020500,Alabama,Autauga County,1,10766,4082,0,181.0,1.68,0,0,0,0,1,0,15.2,96334.0,1,1,1,1,1,0,0,1,2643.0,7778.0,2643.0,586.0,1719.0,586.0,7778.0,72.25,1719.0,15.97,2309.0,21.45,840.0,7.8,6299.0,58.51,1001.0,9.29,209.0,1.94,5.0,0.05,38.0,0.35,227.0,2.11,277.0,2.57,164.0,4.01,235.0,5.76,2643.0,24.55,586.0,5.45,715.0,6.64,362.0,3.36,2168.0,20.14,343.0,3.19,47.0,0.44,1.0,0.01,14.0,0.13,70.0,0.65,86.0,0.8,55.0,1.35,83.0,2.04,,,,,,,,,,,,,,,,,,,,,,,,,,,,,,,,,,,,,,,,,,,,,,,,,,,,,2242.0,3162.0,1126.0,8666.0,1437.0,296.0,9.0,48.0,310.0,355.0,230.0,339.0
5,01001020600,Alabama,Autauga County,1,3668,1311,0,0.0,0.0,1,1,1,0,0,1,21.6,69521.0,1,1,1,1,1,0,0,0,3438.0,3668.0,3438.0,1585.0,1674.0,1585.0,3668.0,100.0,1674.0,45.63,1008.0,27.48,411.0,11.21,2751.0,75.0,740.0,20.17,9.0,0.25,1.0,0.03,10.0,0.27,157.0,4.28,176.0,4.8,73.0,5.54,220.0,16.82,3438.0,93.72,1585.0,43.21,955.0,26.03,375.0,10.22,2539.0,69.22,726.0,19.8,9.0,0.25,1.0,0.03,9.0,0.26,153.0,4.16,168.0,4.59,72.0,5.47,206.0,15.7,,,,,,,,,,,,,,,,,,,,,,,,,,,,,,,,,,,,,,,,,,,,,,,,,,,,,1659.0,1008.0,411.0,2751.0,740.0,9.0,1.0,10.0,157.0,176.0,71.0,224.0
6,01001020700,Alabama,Autauga County,1,2891,1188,0,36.0,1.25,1,1,1,0,0,1,30.5,39875.0,1,1,1,1,1,0,0,0,1231.0,2287.0,1231.0,742.0,1307.0,742.0,2287.0,79.12,1307.0,45.19,557.0,19.25,277.0,9.57,1849.0,63.97,337.0,11.67,10.0,0.35,3.0,0.1,9.0,0.3,79.0,2.73,82.0,2.84,23.0,1.91,263.0,22.12,1231.0,42.58,742.0,25.67,298.0,10.31,109.0,3.78,1005.0,34.77,158.0,5.47,4.0,0.13,2.0,0.08,4.0,0.14,58.0,2.0,56.0,1.93,12.0,1.01,140.0,11.82,,,,,,,,,,,,,,,,,,,,,,,,,,,,,,,,,,,,,,,,,,,,,,,,,,,,,2175.0,686.0,360.0,2333.0,435.0,13.0,3.0,11.0,96.0,98.0,34.0,390.0
7,01001020801,Alabama,Autauga County,0,3081,1074,0,0.0,0.0,0,0,0,0,0,0,8.9,89423.0,0,0,0,0,0,0,0,0,0.0,0.0,,0.0,0.0,,3081.0,100.0,576.0,18.7,815.0,26.45,341.0,11.07,2690.0,87.31,278.0,9.02,16.0,0.52,0.0,0.0,27.0,0.88,70.0,2.27,57.0,1.85,74.0,6.91,150.0,13.99,3081.0,100.0,576.0,18.7,815.0,26.45,341.0,11.07,2690.0,87.31,278.0,9.02,16.0,0.52,0.0,0.0,27.0,0.88,70.0,2.27,57.0,1.85,74.0,6.91,150.0,13.99,0.0,0.0,0.0,0.0,0.0,0.0,0.0,0.0,0.0,0.0,0.0,0.0,0.0,0.0,0.0,0.0,0.0,0.0,0.0,0.0,0.0,0.0,0.0,0.0,0.0,0.0,,,,,,,,,,,,,,,,,,,,,,,,,,,527.0,815.0,341.0,2690.0,278.0,16.0,0.0,27.0,70.0,57.0,68.0,143.0
8,01001020802,Alabama,Autauga County,0,10435,3694,0,0.0,0.0,0,0,0,0,1,0,13.7,84833.0,0,0,0,0,0,0,0,1,74.0,74.0,,26.0,26.0,,10330.0,99.0,2783.0,26.67,2883.0,27.63,1050.0,10.06,8645.0,82.85,1382.0,13.25,61.0,0.58,7.0,0.07,49.0,0.47,186.0,1.78,158.0,1.52,193.0,5.22,314.0,8.5,9340.0,89.51,2547.0,24.41,2573.0,24.66,983.0,9.42,7774.0,74.5,1297.0,12.43,43.0,0.42,7.0,0.07,47.0,0.45,171.0,1.64,134.0,1.28,179.0,4.84,285.0,7.71,74.0,0.71,26.0,0.24,11.0,0.1,14.0,0.14,51.0,0.49,21.0,0.2,0.0,0.0,0.0,0.0,0.0,0.0,2.0,0.02,2.0,0.02,2.0,0.06,2.0,0.06,,,,,,,,,,,,,,,,,,,,,,,,,,,3103.0,2909.0,1060.0,8744.0,1387.0,61.0,7.0,49.0,187.0,159.0,198.0,352.0
9,01001020900,Alabama,Autauga County,0,5675,2067,0,14.0,0.25,0,0,0,0,0,0,9.8,77865.0,0,0,0,0,0,0,0,0,67.0,67.0,,25.0,25.0,,5549.0,97.79,1329.0,23.42,1478.0,26.04,616.0,10.86,4719.0,83.16,678.0,11.95,20.0,0.34,3.0,0.05,14.0,0.25,116.0,2.04,80.0,1.4,82.0,3.98,298.0,14.41,5405.0,95.23,1308.0,23.05,1445.0,25.46,599.0,10.55,4581.0,80.72,676.0,11.92,19.0,0.33,3.0,0.05,14.0,0.25,111.0,1.96,79.0,1.39,82.0,3.97,289.0,14.0,67.0,1.17,25.0,0.45,10.0,0.18,14.0,0.24,62.0,1.09,4.0,0.07,0.0,0.0,0.0,0.0,0.0,0.0,1.0,0.01,1.0,0.01,3.0,0.14,4.0,0.21,,,,,,,,,,,,,,,,,,,,,,,,,,,1612.0,1511.0,630.0,4835.0,679.0,20.0,3.0,14.0,124.0,96.0,97.0,340.0
10,01001021000,Alabama,Autauga County,0,2894,1085,0,10.0,0.35,1,1,0,0,0,1,22.7,60900.0,1,1,0,0,0,1,0,0,2338.0,2338.0,,902.0,902.0,,2894.0,100.0,1119.0,38.67,750.0,25.92,347.0,11.99,2223.0,76.81,603.0,20.84,3.0,0.1,0.0,0.0,18.0,0.62,47.0,1.62,39.0,1.35,9.0,0.8,155.0,14.31,2894.0,100.0,1119.0,38.67,750.0,25.92,347.0,11.99,2223.0,76.81,603.0,20.84,3.0,0.1,0.0,0.0,18.0,0.62,47.0,1.62,39.0,1.35,9.0,0.8,155.0,14.31,2338.0,80.8,902.0,31.15,604.0,20.87,272.0,9.4,1786.0,61.72,489.0,16.88,3.0,0.1,0.0,0.0,16.0,0.56,44.0,1.54,33.0,1.13,7.0,0.68,125.0,11.55,,,,,,,,,,,,,,,,,,,,,,,,,,,977.0,750.0,347.0,2223.0,603.0,3.0,0.0,18.0,47.0,39.0,9.0,146.0
11,01001021100,Alabama,Autauga County,0,3320,1306,0,33.0,0.99,1,1,0,1,1,1,24.1,49833.0,1,1,0,0,0,1,0,1,2640.0,2640.0,,1354.0,1354.0,,3320.0,100.0,1718.0,51.75,750.0,22.59,493.0,14.85,1441.0,43.4,1810.0,54.52,2.0,0.06,0.0,0.0,14.0,0.42,53.0,1.6,39.0,1.17,271.0,20.72,227.0,17.36,3320.0,100.0,1718.0,51.75,750.0,22.59,493.0,14.85,1441.0,43.4,1810.0,54.52,2.0,0.06,0.0,0.0,14.0,0.42,53.0,1.6,39.0,1.17,271.0,20.72,227.0,17.36,2640.0,79.52,1354.0,40.77,574.0,17.3,407.0,12.27,1052.0,31.69,1540.0,46.39,1.0,0.03,0.0,0.0,5.0,0.16,41.0,1.25,31.0,0.94,210.0,16.05,182.0,13.96,,,,,,,,,,,,,,,,,,,,,,,,,,,1463.0,750.0,493.0,1441.0,1810.0,2.0,0.0,14.0,53.0,39.0,269.0,230.0
12,01003010100,Alabama,Baldwin County,0,3804,1510,0,31.0,0.81,1,1,0,0,0,1,10.2,56464.0,1,1,0,0,0,1,0,0,1491.0,1491.0,,611.0,611.0,,3804.0,100.0,1353.0,35.56,917.0,24.11,605.0,15.9,2865.0,75.32,826.0,21.71,6.0,0.16,0.0,0.0,64.0,1.68,43.0,1.13,16.0,0.42,85.0,5.62,122.0,8.09,3804.0,100.0,1353.0,35.56,917.0,24.11,605.0,15.9,2865.0,75.32,826.0,21.71,6.0,0.16,0.0,0.0,64.0,1.68,43.0,1.13,16.0,0.42,85.0,5.62,122.0,8.09,1491.0,39.21,611.0,16.06,343.0,9.03,258.0,6.79,1067.0,28.06,380.0,9.99,2.0,0.06,0.0,0.0,25.0,0.65,17.0,0.45,9.0,0.23,27.0,1.82,50.0,3.28,,,,,,,,,,,,,,,,,,,,,,,,,,,1496.0,917.0,605.0,2865.0,826.0,6.0,0.0,64.0,43.0,16.0,84.0,126.0
13,01003010200,Alabama,Baldwin County,0,2902,1111,0,6.0,0.21,0,0,0,0,0,1,20.2,44954.0,0,0,0,0,0,0,0,0,30.0,30.0,,15.0,15.0,,2902.0,100.0,1556.0,53.61,755.0,26.02,378.0,13.03,2469.0,85.08,281.0,9.68,11.0,0.38,0.0,0.0,73.0,2.52,68.0,2.34,46.0,1.59,99.0,8.9,142.0,12.81,2902.0,100.0,1556.0,53.61,755.0,26.02,378.0,13.03,2469.0,85.08,281.0,9.68,11.0,0.38,0.0,0.0,73.0,2.52,68.0,2.34,46.0,1.59,99.0,8.9,142.0,12.81,30.0,1.04,15.0,0.51,6.0,0.2,6.0,0.22,30.0,1.02,0.0,0.0,0.0,0.0,0.0,0.0,0.0,0.02,0.0,0.01,0.0,0.0,2.0,0.15,2.0,0.14,,,,,,,,,,,,,,,,,,,,,,,,,,,1715.0,755.0,378.0,2469.0,281.0,11.0,0.0,73.0,68.0,46.0,91.0,146.0
14,01003010300,Alabama,Baldwin County,0,7826,2727,0,521.0,6.66,0,0,0,0,1,0,6.4,81799.0,0,0,0,0,0,0,0,1,,,,,,,7804.0,99.72,2328.0,29.75,1816.0,23.21,1108.0,14.15,6070.0,77.56,1436.0,18.35,34.0,0.43,1.0,0.01,75.0,0.96,188.0,2.4,128.0,1.63,169.0,6.21,150.0,5.5,7464.0,95.37,2174.0,27.78,1721.0,21.98,1062.0,13.58,5955.0,76.09,1220.0,15.59,32.0,0.41,1.0,0.01,73.0,0.93,183.0,2.34,125.0,1.6,159.0,5.84,143.0,5.24,,,,,,,,,,,,,,,,,,,,,,,,,,,,,,,,,,,,,,,,,,,,,,,,,,,,,2492.0,1820.0,1111.0,6091.0,1437.0,34.0,1.0,75.0,188.0,128.0,181.0,165.0
15,01003010400,Alabama,Baldwin County,0,4736,1740,0,0.0,0.0,0,0,0,0,0,0,12.3,58359.0,0,0,0,0,0,0,0,0,361.0,361.0,,73.0,73.0,,4736.0,100.0,1347.0,28.44,1182.0,24.96,610.0,12.88,4339.0,91.62,252.0,5.32,11.0,0.23,0.0,0.0,35.0,0.74,99.0,2.09,71.0,1.5,17.0,1.0,120.0,6.87,4711.0,99.47,1337.0,28.23,1171.0,24.73,610.0,12.87,4335.0,91.54,231.0,4.87,11.0,0.23,0.0,0.0,35.0,0.74,99.0,2.08,71.0,1.5,17.0,1.0,119.0,6.84,361.0,7.62,73.0,1.54,86.0,1.82,51.0,1.07,351.0,7.42,2.0,0.03,0.0,0.0,0.0,0.0,7.0,0.14,2.0,0.03,1.0,0.01,3.0,0.15,9.0,0.54,,,,,,,,,,,,,,,,,,,,,,,,,,,1347.0,1182.0,610.0,4339.0,252.0,11.0,0.0,35.0,99.0,71.0,19.0,120.0
16,01003010500,Alabama,Baldwin County,1,4815,1798,0,559.0,11.61,0,0,0,0,0,0,14.3,69951.0,1,1,1,1,1,0,0,0,1873.0,3493.0,1873.0,545.0,1054.0,545.0,3493.0,72.55,1054.0,21.88,781.0,16.22,659.0,13.68,2951.0,61.28,380.0,7.89,38.0,0.78,1.0,0.02,51.0,1.06,73.0,1.52,52.0,1.08,76.0,4.23,190.0,10.56,1873.0,38.91,545.0,11.31,418.0,8.67,394.0,8.17,1660.0,34.48,111.0,2.31,21.0,0.44,0.0,0.0,41.0,0.86,39.0,0.81,32.0,0.67,38.0,2.11,107.0,5.93,,,,,,,,,,,,,,,,,,,,,,,,,,,,,,,,,,,,,,,,,,,,,,,,,,,,,1516.0,1009.0,829.0,3922.0,669.0,60.0,1.0,60.0,103.0,76.0,133.0,245.0
17,01003010600,Alabama,Baldwin County,1,3325,1186,0,14.0,0.42,1,1,1,0,0,1,27.7,50536.0,1,1,1,1,1,0,0,0,1617.0,2697.0,1617.0,884.0,1602.0,884.0,2697.0,81.11,1602.0,48.18,807.0,24.27,264.0,7.94,1112.0,33.44,1464.0,44.04,3.0,0.09,0.0,0.0,24.0,0.71,94.0,2.83,76.0,2.3,82.0,6.93,261.0,21.99,1617.0,48.62,884.0,26.57,454.0,13.65,181.0,5.45,925.0,27.81,609.0,18.31,2.0,0.06,0.0,0.0,19.0,0.56,63.0,1.88,56.0,1.69,47.0,3.99,163.0,13.72,,,,,,,,,,,,,,,,,,,,,,,,,,,,,,,,,,,,,,,,,,,,,,,,,,,,,2174.0,1028.0,305.0,1323.0,1851.0,3.0,0.0,30.0,118.0,92.0,96.0,292.0
18,01003010701,Alabama,Baldwin County,1,7882,3054,0,7.0,0.09,0,0,0,0,0,0,4.8,112717.0,1,1,1,1,1,0,0,0,3548.0,6203.0,3548.0,520.0,856.0,520.0,6203.0,78.7,856.0,10.86,1668.0,21.17,796.0,10.1,5827.0,73.93,191.0,2.42,76.0,0.97,14.0,0.18,24.0,0.3,71.0,0.91,126.0,1.59,65.0,2.12,34.0,1.1,3548.0,45.01,520.0,6.6,1020.0,12.94,395.0,5.01,3331.0,42.27,115.0,1.46,36.0,0.45,11.0,0.14,14.0,0.17,41.0,0.52,72.0,0.92,41.0,1.36,19.0,0.61,,,,,,,,,,,,,,,,,,,,,,,,,,,,,,,,,,,,,,,,,,,,,,,,,,,,,1199.0,1989.0,1347.0,7426.0,222.0,99.0,14.0,32.0,89.0,160.0,133.0,48.0
19,01003010703,Alabama,Baldwin County,0,13166,4878,0,3.0,0.02,0,0,0,0,0,0,2.1,102153.0,0,0,0,0,0,0,0,0,,,,,,,12603.0,95.73,808.0,6.14,3613.0,27.44,1201.0,9.12,11070.0,84.08,1056.0,8.02,191.0,1.45,2.0,0.01,43.0,0.33,242.0,1.84,328.0,2.49,42.0,0.87,186.0,3.81,10181.0,77.33,643.0,4.88,3018.0,22.93,884.0,6.71,8899.0,67.59,924.0,7.02,158.0,1.2,1.0,0.01,25.0,0.19,174.0,1.32,256.0,1.95,31.0,0.64,143.0,2.93,,,,,,,,,,,,,,,,,,,,,,,,,,,,,,,,,,,,,,,,,,,,,,,,,,,,,1257.0,3729.0,1279.0,11582.0,1071.0,206.0,2.0,47.0,258.0,343.0,62.0,277.0
20,01003010704,Alabama,Baldwin County,1,5055,1967,0,0.0,0.0,0,0,0,0,0,0,13.4,80678.0,1,1,1,1,1,0,0,0,4850.0,5031.0,4850.0,1606.0,1651.0,1606.0,5031.0,99.53,1651.0,32.66,1166.0,23.07,658.0,13.03,4511.0,89.24,331.0,6.55,57.0,1.13,0.0,0.0,22.0,0.44,110.0,2.18,155.0,3.07,42.0,2.13,84.0,4.26,4850.0,95.95,1606.0,31.77,1126.0,22.28,630.0,12.46,4346.0,85.97,321.0,6.34,54.0,1.07,0.0,0.0,22.0,0.43,108.0,2.13,145.0,2.86,39.0,1.99,81.0,4.11,,,,,,,,,,,,,,,,,,,,,,,,,,,,,,,,,,,,,,,,,,,,,,,,,,,,,2045.0,1174.0,661.0,4531.0,331.0,58.0,0.0,22.0,113.0,155.0,36.0,80.0
21,01003010705,Alabama,Baldwin County,1,8331,3689,0,61.0,0.73,0,0,0,0,0,0,14.2,76343.0,1,1,1,1,1,0,0,0,3481.0,7146.0,3481.0,935.0,2111.0,935.0,7146.0,85.77,2111.0,25.33,1677.0,20.13,959.0,11.51,6003.0,72.06,786.0,9.43,118.0,1.42,8.0,0.09,47.0,0.57,184.0,2.21,246.0,2.95,91.0,2.48,98.0,2.66,3481.0,41.78,935.0,11.22,931.0,11.17,494.0,5.93,3006.0,36.08,329.0,3.94,35.0,0.42,2.0,0.03,22.0,0.26,88.0,1.05,108.0,1.29,43.0,1.17,43.0,1.16,,,,,,,,,,,,,,,,,,,,,,,,,,,,,,,,,,,,,,,,,,,,,,,,,,,,,2680.0,1886.0,1098.0,6867.0,1028.0,156.0,10.0,50.0,220.0,280.0,121.0,128.0
22,01003010800,Alabama,Baldwin County,1,6861,2770,0,192.0,2.8,0,0,0,0,0,0,8.3,92714.0,1,1,1,1,1,0,0,0,2488.0,5356.0,2488.0,807.0,1721.0,807.0,5356.0,78.07,1721.0,25.09,1200.0,17.49,982.0,14.32,3774.0,55.01,1466.0,21.36,42.0,0.61,3.0,0.04,13.0,0.18,59.0,0.86,85.0,1.24,95.0,3.41,92.0,3.33,2488.0,36.27,807.0,11.76,615.0,8.97,406.0,5.92,1636.0,23.84,808.0,11.77,17.0,0.25,1.0,0.01,3.0,0.05,24.0,0.35,45.0,0.66,30.0,1.08,42.0,1.53,,,,,,,,,,,,,,,,,,,,,,,,,,,,,,,,,,,,,,,,,,,,,,,,,,,,,2258.0,1480.0,1316.0,5050.0,1639.0,65.0,3.0,16.0,88.0,109.0,118.0,112.0
23,01003010903,Alabama,Baldwin County,0,5173,1799,0,516.0,9.97,0,0,0,0,1,0,12.5,63116.0,0,0,0,0,0,0,0,1,,,,,,,4483.0,86.66,1369.0,26.47,954.0,18.44,457.0,8.83,3415.0,66.01,909.0,17.57,10.0,0.19,1.0,0.02,33.0,0.63,116.0,2.25,110.0,2.13,106.0,5.9,145.0,8.05,3941.0,76.19,1193.0,23.06,831.0,16.06,411.0,7.94,3080.0,59.54,728.0,14.08,10.0,0.19,1.0,0.02,28.0,0.54,95.0,1.83,80.0,1.55,94.0,5.22,126.0,7.03,,,,,,,,,,,,,,,,,,,,,,,,,,,,,,,,,,,,,,,,,,,,,,,,,,,,,1406.0,1116.0,563.0,4000.0,950.0,16.0,2.0,37.0,168.0,159.0,132.0,171.0
24,01003010904,Alabama,Baldwin County,0,6831,2564,0,49.0,0.72,0,0,0,0,0,0,17.0,65515.0,0,0,0,0,0,0,0,0,396.0,396.0,,141.0,141.0,,6650.0,97.36,2031.0,29.73,1574.0,23.05,927.0,13.58,6192.0,90.64,133.0,1.95,22.0,0.33,4.0,0.06,99.0,1.44,201.0,2.94,186.0,2.72,33.0,1.27,242.0,9.43,6381.0,93.41,1967.0,28.79,1492.0,21.84,905.0,13.25,5956.0,87.19,102.0,1.49,21.0,0.31,4.0,0.06,98.0,1.43,200.0,2.93,177.0,2.59,33.0,1.27,232.0,9.07,396.0,5.79,141.0,2.06,73.0,1.07,74.0,1.08,375.0,5.49,2.0,0.03,2.0,0.02,0.0,0.0,3.0,0.05,14.0,0.2,7.0,0.11,0.0,0.0,16.0,0.61,,,,,,,,,,,,,,,,,,,,,,,,,,,1843.0,1616.0,954.0,6361.0,141.0,23.0,4.0,100.0,202.0,187.0,30.0,224.0
25,01003010905,Alabama,Baldwin County,0,8011,3000,0,11.0,0.14,0,0,0,0,1,0,16.0,58296.0,0,0,0,0,0,0,0,1,,,,,,,6995.0,87.32,2121.0,26.47,1915.0,23.9,814.0,10.16,6146.0,76.72,364.0,4.55,33.0,0.41,1.0,0.01,40.0,0.5,411.0,5.13,520.0,6.49,144.0,4.79,295.0,9.85,5700.0,71.15,1627.0,20.31,1493.0,18.64,701.0,8.75,5098.0,63.63,245.0,3.06,26.0,0.32,1.0,0.01,23.0,0.29,307.0,3.84,416.0,5.19,121.0,4.05,242.0,8.08,,,,,,,,,,,,,,,,,,,,,,,,,,,,,,,,,,,,,,,,,,,,,,,,,,,,,2694.0,2224.0,938.0,6896.0,426.0,36.0,1.0,50.0,602.0,718.0,179.0,380.0
26,01003010906,Alabama,Baldwin County,1,4302,1597,0,126.0,2.93,1,1,1,0,0,1,15.5,51630.0,1,1,1,1,1,0,0,0,3098.0,4100.0,3098.0,1218.0,1441.0,1218.0,4100.0,95.3,1441.0,33.5,1022.0,23.76,644.0,14.97,3721.0,86.5,188.0,4.37,17.0,0.39,1.0,0.02,24.0,0.55,149.0,3.46,214.0,4.96,26.0,1.63,185.0,11.62,3098.0,72.02,1218.0,28.31,817.0,18.98,404.0,9.39,2777.0,64.56,163.0,3.79,11.0,0.26,1.0,0.02,13.0,0.29,133.0,3.09,174.0,4.04,18.0,1.15,138.0,8.66,,,,,,,,,,,,,,,,,,,,,,,,,,,,,,,,,,,,,,,,,,,,,,,,,,,,,1925.0,1075.0,678.0,3914.0,193.0,17.0,1.0,26.0,151.0,221.0,29.0,212.0
27,01003011000,Alabama,Baldwin County,0,4305,1664,0,15.0,0.35,0,0,0,1,1,1,21.7,48244.0,0,0,0,0,0,0,0,1,,,,,,,4295.0,99.76,1931.0,44.85,1038.0,24.12,671.0,15.59,3647.0,84.72,279.0,6.47,6.0,0.14,3.0,0.07,47.0,1.09,313.0,7.27,356.0,8.26,131.0,7.84,125.0,7.5,4208.0,97.74,1889.0,43.87,1016.0,23.6,660.0,15.32,3572.0,82.97,272.0,6.33,6.0,0.14,3.0,0.07,46.0,1.07,308.0,7.16,354.0,8.22,128.0,7.67,122.0,7.35,,,,,,,,,,,,,,,,,,,,,,,,,,,,,,,,,,,,,,,,,,,,,,,,,,,,,2047.0,1040.0,673.0,3656.0,279.0,6.0,3.0,47.0,314.0,356.0,120.0,115.0
28,01003011101,Alabama,Baldwin County,1,8397,3423,0,13.0,0.15,0,0,0,0,0,0,5.5,89861.0,1,1,1,1,1,0,0,0,3134.0,6588.0,3134.0,461.0,959.0,461.0,6588.0,78.46,959.0,11.43,1627.0,19.38,1339.0,15.95,6083.0,72.44,275.0,3.27,41.0,0.49,4.0,0.05,8.0,0.1,177.0,2.11,255.0,3.03,97.0,2.83,130.0,3.81,3134.0,37.32,461.0,5.49,793.0,9.44,592.0,7.05,2936.0,34.97,113.0,1.35,16.0,0.19,0.0,0.0,4.0,0.04,65.0,0.78,93.0,1.11,35.0,1.02,59.0,1.72,,,,,,,,,,,,,,,,,,,,,,,,,,,,,,,,,,,,,,,,,,,,,,,,,,,,,1576.0,2131.0,1689.0,7655.0,441.0,61.0,5.0,19.0,216.0,326.0,145.0,190.0
29,01003011102,Alabama,Baldwin County,0,3715,1389,0,0.0,0.0,0,0,0,0,0,0,7.2,77321.0,0,0,0,0,0,0,0,0,,,,,,,3715.0,100.0,894.0,24.06,998.0,26.86,501.0,13.49,3405.0,91.66,156.0,4.2,17.0,0.46,1.0,0.03,19.0,0.51,117.0,3.15,154.0,4.15,27.0,1.95,88.0,6.37,3715.0,100.0,894.0,24.06,998.0,26.86,501.0,13.49,3405.0,91.66,156.0,4.2,17.0,0.46,1.0,0.03,19.0,0.51,117.0,3.15,154.0,4.15,27.0,1.95,88.0,6.37,,,,,,,,,,,,,,,,,,,,,,,,,,,,,,,,,,,,,,,,,,,,,,,,,,,,,1062.0,998.0,501.0,3405.0,156.0,17.0,1.0,19.0,117.0,154.0,32.0,104.0
30,01003011201,Alabama,Baldwin County,1,4230,1984,0,17.0,0.4,0,0,0,0,0,0,15.9,83102.0,0,1,0,1,0,0,0,0,395.0,2655.0,395.0,111.0,733.0,111.0,2655.0,62.78,733.0,17.33,616.0,14.56,547.0,12.94,2529.0,59.79,77.0,1.82,15.0,0.36,1.0,0.02,2.0,0.04,31.0,0.74,67.0,1.59,20.0,1.03,87.0,4.36,395.0,9.33,111.0,2.62,104.0,2.47,72.0,1.7,379.0,8.96,10.0,0.23,2.0,0.06,1.0,0.02,0.0,0.01,2.0,0.05,6.0,0.14,1.0,0.06,12.0,0.61,,,,,,,,,,,,,,,,,,,,,,,,,,,,,,,,,,,,,,,,,,,,,,,,,,,,,1338.0,859.0,1111.0,4041.0,111.0,30.0,1.0,2.0,45.0,95.0,84.0,148.0
31,01003011202,Alabama,Baldwin County,1,5065,2282,0,0.0,0.0,0,0,0,0,0,0,5.5,79063.0,1,1,1,1,1,0,0,0,1718.0,3646.0,1718.0,803.0,1341.0,803.0,3646.0,71.99,1341.0,26.48,729.0,14.39,793.0,15.65,2574.0,50.82,997.0,19.69,19.0,0.38,0.0,0.0,7.0,0.14,49.0,0.96,64.0,1.27,47.0,2.05,84.0,3.7,1718.0,33.92,803.0,15.85,348.0,6.88,384.0,7.58,1129.0,22.29,556.0,10.97,10.0,0.21,0.0,0.0,2.0,0.04,21.0,0.42,19.0,0.37,9.0,0.4,39.0,1.72,,,,,,,,,,,,,,,,,,,,,,,,,,,,,,,,,,,,,,,,,,,,,,,,,,,,,1996.0,1023.0,1078.0,3815.0,1146.0,21.0,1.0,9.0,73.0,99.0,105.0,114.0
32,01003011300,Alabama,Baldwin County,0,4487,1842,0,0.0,0.0,0,0,0,0,0,0,4.3,95863.0,0,0,0,0,0,0,0,0,0.0,0.0,,0.0,0.0,,4487.0,100.0,893.0,19.9,958.0,21.35,913.0,20.35,4193.0,93.45,182.0,4.06,8.0,0.18,0.0,0.0,11.0,0.25,93.0,2.07,110.0,2.45,90.0,4.87,68.0,3.67,4487.0,100.0,893.0,19.9,958.0,21.35,913.0,20.35,4193.0,93.45,182.0,4.06,8.0,0.18,0.0,0.0,11.0,0.25,93.0,2.07,110.0,2.45,90.0,4.87,68.0,3.67,0.0,0.0,0.0,0.0,0.0,0.0,0.0,0.0,0.0,0.0,0.0,0.0,0.0,0.0,0.0,0.0,0.0,0.0,0.0,0.0,0.0,0.0,0.0,0.0,0.0,0.0,,,,,,,,,,,,,,,,,,,,,,,,,,,1003.0,958.0,913.0,4193.0,182.0,8.0,0.0,11.0,93.0,110.0,99.0,68.0
33,01003011401,Alabama,Baldwin County,0,10632,4159,0,0.0,0.0,0,0,0,0,0,0,11.4,64722.0,0,0,0,0,0,0,0,0,0.0,0.0,,0.0,0.0,,10632.0,100.0,3581.0,33.68,2475.0,23.28,1737.0,16.34,8995.0,84.6,956.0,8.99,42.0,0.4,5.0,0.05,82.0,0.77,552.0,5.19,775.0,7.29,28.0,0.67,353.0,8.49,10632.0,100.0,3581.0,33.68,2475.0,23.28,1737.0,16.34,8995.0,84.6,956.0,8.99,42.0,0.4,5.0,0.05,82.0,0.77,552.0,5.19,775.0,7.29,28.0,0.67,353.0,8.49,0.0,0.0,0.0,0.0,0.0,0.0,0.0,0.0,0.0,0.0,0.0,0.0,0.0,0.0,0.0,0.0,0.0,0.0,0.0,0.0,0.0,0.0,0.0,0.0,0.0,0.0,,,,,,,,,,,,,,,,,,,,,,,,,,,3769.0,2475.0,1737.0,8995.0,956.0,42.0,5.0,82.0,552.0,775.0,29.0,347.0
34,01003011403,Alabama,Baldwin County,0,9131,4030,0,0.0,0.0,0,0,0,0,0,0,7.9,61375.0,0,0,0,0,0,0,0,0,,,,,,,8645.0,94.68,2595.0,28.43,1712.0,18.75,1387.0,15.19,7786.0,85.27,186.0,2.03,54.0,0.59,9.0,0.1,44.0,0.48,567.0,6.21,939.0,10.28,19.0,0.48,414.0,10.26,7198.0,78.83,2259.0,24.74,1425.0,15.61,1169.0,12.81,6487.0,71.05,134.0,1.47,43.0,0.47,9.0,0.1,37.0,0.41,487.0,5.34,836.0,9.15,11.0,0.28,341.0,8.47,,,,,,,,,,,,,,,,,,,,,,,,,,,,,,,,,,,,,,,,,,,,,,,,,,,,,3084.0,1798.0,1487.0,8243.0,197.0,57.0,9.0,46.0,579.0,960.0,31.0,546.0
35,01003011405,Alabama,Baldwin County,1,3832,1795,0,0.0,0.0,0,0,0,0,0,0,6.7,105806.0,1,1,1,1,1,0,0,0,3629.0,3828.0,3629.0,674.0,705.0,674.0,3828.0,99.91,705.0,18.4,603.0,15.73,937.0,24.46,3713.0,96.91,5.0,0.13,28.0,0.73,0.0,0.0,25.0,0.65,57.0,1.49,49.0,1.28,15.0,0.86,53.0,2.97,3629.0,94.7,674.0,17.58,579.0,15.1,892.0,23.27,3523.0,91.94,5.0,0.13,22.0,0.57,0.0,0.0,24.0,0.64,55.0,1.43,48.0,1.26,15.0,0.81,51.0,2.82,,,,,,,,,,,,,,,,,,,,,,,,,,,,,,,,,,,,,,,,,,,,,,,,,,,,,853.0,603.0,939.0,3717.0,5.0,28.0,0.0,25.0,57.0,49.0,17.0,59.0
36,01003011406,Alabama,Baldwin County,0,3412,1484,0,0.0,0.0,0,0,0,0,0,0,5.6,76136.0,0,0,0,0,0,0,0,0,,,,,,,3146.0,92.22,566.0,16.59,698.0,20.46,332.0,9.74,2902.0,85.04,23.0,0.68,32.0,0.95,11.0,0.32,21.0,0.63,157.0,4.6,185.0,5.41,46.0,3.09,96.0,6.47,2276.0,66.72,419.0,12.27,523.0,15.34,245.0,7.18,2108.0,61.79,15.0,0.43,26.0,0.75,0.0,0.0,14.0,0.4,114.0,3.34,96.0,2.81,26.0,1.77,68.0,4.6,,,,,,,,,,,,,,,,,,,,,,,,,,,,,,,,,,,,,,,,,,,,,,,,,,,,,561.0,743.0,392.0,3140.0,25.0,36.0,12.0,23.0,176.0,195.0,48.0,102.0
37,01003011407,Alabama,Baldwin County,1,4799,2161,0,4.0,0.08,0,0,0,0,0,0,16.2,70230.0,1,1,1,1,1,0,0,0,2676.0,4063.0,2676.0,1137.0,1368.0,1137.0,4063.0,84.67,1368.0,28.5,721.0,15.01,899.0,18.74,3822.0,79.65,49.0,1.01,33.0,0.69,1.0,0.02,20.0,0.42,138.0,2.88,44.0,0.92,59.0,2.72,58.0,2.67,2676.0,55.75,1137.0,23.69,465.0,9.68,570.0,11.88,2464.0,51.35,48.0,0.99,21.0,0.44,1.0,0.01,17.0,0.36,125.0,2.6,36.0,0.75,57.0,2.65,38.0,1.78,,,,,,,,,,,,,,,,,,,,,,,,,,,,,,,,,,,,,,,,,,,,,,,,,,,,,1515.0,857.0,1040.0,4525.0,56.0,36.0,1.0,26.0,155.0,57.0,91.0,78.0
38,01003011408,Alabama,Baldwin County,0,433,216,0,0.0,0.0,0,0,0,0,0,0,13.4,101563.0,0,0,0,0,0,0,0,0,,,,,,,427.0,98.66,60.0,13.84,43.0,9.94,131.0,30.18,412.0,95.22,1.0,0.23,0.0,0.0,0.0,0.0,7.0,1.6,7.0,1.61,3.0,0.69,2.0,1.15,0.0,0.0,404.0,93.23,57.0,13.08,39.0,8.9,125.0,28.87,389.0,89.84,1.0,0.23,0.0,0.0,0.0,0.0,7.0,1.58,7.0,1.58,3.0,0.69,2.0,1.09,0.0,0.0,,,,,,,,,,,,,,,,,,,,,,,,,,,,,,,,,,,,,,,,,,,,,,,,,,,,,87.0,44.0,132.0,418.0,1.0,0.0,0.0,7.0,7.0,3.0,3.0,0.0
39,01003011501,Alabama,Baldwin County,1,5316,2219,0,126.0,2.37,0,0,0,0,0,0,14.2,58843.0,1,1,1,1,1,0,0,0,5299.0,5316.0,5299.0,1645.0,1647.0,1645.0,5316.0,100.0,1647.0,30.98,1033.0,19.43,1321.0,24.85,4559.0,85.76,365.0,6.87,40.0,0.75,2.0,0.04,38.0,0.71,312.0,5.87,407.0,7.66,53.0,2.4,256.0,11.53,5299.0,99.69,1645.0,30.94,1029.0,19.36,1318.0,24.8,4542.0,85.45,365.0,6.87,40.0,0.75,2.0,0.04,38.0,0.71,312.0,5.87,407.0,7.66,53.0,2.4,255.0,11.5,,,,,,,,,,,,,,,,,,,,,,,,,,,,,,,,,,,,,,,,,,,,,,,,,,,,,1727.0,1033.0,1321.0,4559.0,365.0,40.0,2.0,38.0,312.0,407.0,56.0,296.0
40,01003011502,Alabama,Baldwin County,1,10534,4330,0,0.0,0.0,1,1,1,1,1,1,11.6,57120.0,1,1,1,1,1,0,0,1,5675.0,9213.0,5675.0,2276.0,4111.0,2276.0,9213.0,87.46,4111.0,39.02,2056.0,19.52,1670.0,15.85,7112.0,67.52,1169.0,11.1,99.0,0.94,8.0,0.07,66.0,0.62,759.0,7.21,1223.0,11.61,189.0,4.37,538.0,12.43,5675.0,53.87,2276.0,21.61,1178.0,11.18,1189.0,11.29,4497.0,42.69,621.0,5.9,51.0,0.49,4.0,0.04,49.0,0.46,452.0,4.3,608.0,5.77,93.0,2.15,335.0,7.74,,,,,,,,,,,,,,,,,,,,,,,,,,,,,,,,,,,,,,,,,,,,,,,,,,,,,5468.0,2412.0,1882.0,7818.0,1693.0,113.0,8.0,74.0,828.0,1314.0,226.0,710.0
41,01003011601,Alabama,Baldwin County,0,6062,2410,0,36.0,0.59,0,0,0,0,0,0,18.1,64688.0,0,0,0,0,0,0,0,0,30.0,30.0,,6.0,6.0,,6062.0,100.0,1897.0,31.29,1374.0,22.67,1049.0,17.3,5699.0,94.01,58.0,0.96,35.0,0.58,1.0,0.02,44.0,0.73,225.0,3.71,233.0,3.84,80.0,3.33,261.0,10.83,6062.0,100.0,1897.0,31.29,1374.0,22.67,1049.0,17.3,5699.0,94.01,58.0,0.96,35.0,0.58,1.0,0.02,44.0,0.73,225.0,3.71,233.0,3.84,80.0,3.33,261.0,10.83,30.0,0.49,6.0,0.1,8.0,0.14,1.0,0.02,27.0,0.45,1.0,0.01,0.0,0.0,0.0,0.0,1.0,0.01,1.0,0.02,0.0,0.0,0.0,0.01,1.0,0.04,,,,,,,,,,,,,,,,,,,,,,,,,,,2034.0,1374.0,1049.0,5699.0,58.0,35.0,1.0,44.0,225.0,233.0,74.0,248.0
42,01003011602,Alabama,Baldwin County,0,4895,2402,0,0.0,0.0,0,0,0,1,1,1,7.1,53476.0,0,0,0,0,0,0,0,1,,,,,,,4895.0,100.0,1487.0,30.37,550.0,11.24,1952.0,39.88,4638.0,94.75,117.0,2.39,17.0,0.35,1.0,0.02,27.0,0.55,95.0,1.94,98.0,2.0,103.0,4.28,75.0,3.12,4895.0,100.0,1487.0,30.37,550.0,11.24,1952.0,39.88,4638.0,94.75,117.0,2.39,17.0,0.35,1.0,0.02,27.0,0.55,95.0,1.94,98.0,2.0,103.0,4.28,75.0,3.12,,,,,,,,,,,,,,,,,,,,,,,,,,,,,,,,,,,,,,,,,,,,,,,,,,,,,1676.0,550.0,1952.0,4638.0,117.0,17.0,1.0,27.0,95.0,98.0,101.0,75.0
43,01005950100,Alabama,Barbour County,0,3321,1348,0,0.0,0.0,1,1,0,1,1,1,31.2,63398.0,1,1,0,0,0,1,0,1,617.0,617.0,,341.0,341.0,,3296.0,99.26,1697.0,51.09,768.0,23.13,484.0,14.57,1549.0,46.64,1580.0,47.57,12.0,0.36,1.0,0.03,55.0,1.66,100.0,3.0,144.0,4.33,163.0,12.13,327.0,24.27,3063.0,92.22,1593.0,47.97,727.0,21.88,439.0,13.22,1431.0,43.08,1473.0,44.36,12.0,0.36,1.0,0.03,54.0,1.63,92.0,2.76,140.0,4.22,152.0,11.26,301.0,22.31,617.0,18.57,341.0,10.27,120.0,3.6,112.0,3.38,212.0,6.38,393.0,11.84,2.0,0.07,0.0,0.0,4.0,0.12,5.0,0.16,6.0,0.19,38.0,2.79,66.0,4.92,,,,,,,,,,,,,,,,,,,,,,,,,,,1539.0,773.0,489.0,1554.0,1598.0,12.0,1.0,55.0,101.0,144.0,134.0,270.0
44,01005950200,Alabama,Barbour County,0,4264,1053,0,1724.0,40.43,0,0,0,1,1,1,33.2,47833.0,0,0,0,0,0,0,0,1,65.0,65.0,,31.0,31.0,,4113.0,96.46,1952.0,45.78,600.0,14.07,389.0,9.13,1427.0,33.47,2657.0,62.31,5.0,0.12,0.0,0.0,7.0,0.16,17.0,0.4,32.0,0.75,107.0,10.16,301.0,28.61,3796.0,89.01,1750.0,41.05,527.0,12.35,327.0,7.67,1320.0,30.97,2449.0,57.42,5.0,0.12,0.0,0.0,7.0,0.16,15.0,0.35,29.0,0.68,92.0,8.72,258.0,24.49,65.0,1.51,31.0,0.73,12.0,0.28,8.0,0.19,25.0,0.58,38.0,0.89,0.0,0.0,0.0,0.0,0.0,0.0,2.0,0.05,0.0,0.0,4.0,0.38,9.0,0.85,,,,,,,,,,,,,,,,,,,,,,,,,,,1262.0,658.0,408.0,1471.0,2763.0,5.0,0.0,7.0,18.0,32.0,103.0,289.0
45,01005950300,Alabama,Barbour County,0,1638,673,0,0.0,0.0,1,1,0,0,0,1,34.4,42736.0,1,1,0,0,0,1,0,0,835.0,835.0,,443.0,443.0,,1638.0,100.0,857.0,52.34,342.0,20.88,321.0,19.6,718.0,43.83,864.0,52.75,0.0,0.0,0.0,0.0,4.0,0.24,52.0,3.17,67.0,4.09,60.0,8.91,152.0,22.59,1638.0,100.0,857.0,52.34,342.0,20.88,321.0,19.6,718.0,43.83,864.0,52.75,0.0,0.0,0.0,0.0,4.0,0.24,52.0,3.17,67.0,4.09,60.0,8.91,152.0,22.59,835.0,50.98,443.0,27.05,185.0,11.32,145.0,8.83,274.0,16.75,532.0,32.48,0.0,0.0,0.0,0.0,4.0,0.24,25.0,1.51,22.0,1.37,36.0,5.37,77.0,11.4,,,,,,,,,,,,,,,,,,,,,,,,,,,889.0,342.0,321.0,718.0,864.0,0.0,0.0,4.0,52.0,67.0,57.0,138.0
46,01005950400,Alabama,Barbour County,0,4303,1188,0,1320.0,30.68,1,1,0,1,1,1,26.7,36164.0,1,1,0,0,0,1,0,1,2867.0,2867.0,,1541.0,1541.0,,4303.0,100.0,2319.0,53.89,658.0,15.29,485.0,11.27,2046.0,47.55,1732.0,40.25,9.0,0.21,8.0,0.19,10.0,0.23,498.0,11.57,566.0,13.15,183.0,15.42,327.0,27.54,4303.0,100.0,2319.0,53.89,658.0,15.29,485.0,11.27,2046.0,47.55,1732.0,40.25,9.0,0.21,8.0,0.19,10.0,0.23,498.0,11.57,566.0,13.15,183.0,15.42,327.0,27.54,2867.0,66.62,1541.0,35.81,423.0,9.84,307.0,7.14,1242.0,28.86,1251.0,29.07,8.0,0.18,3.0,0.06,4.0,0.1,359.0,8.34,393.0,9.13,119.0,10.01,214.0,18.05,,,,,,,,,,,,,,,,,,,,,,,,,,,1395.0,658.0,485.0,2046.0,1732.0,9.0,8.0,10.0,498.0,566.0,172.0,298.0
47,01005950500,Alabama,Barbour County,0,3467,1399,0,0.0,0.0,0,0,0,0,0,0,14.6,54896.0,0,0,0,0,0,0,0,0,232.0,232.0,,74.0,74.0,,3467.0,100.0,1453.0,41.9,750.0,21.63,611.0,17.62,2487.0,71.73,752.0,21.69,28.0,0.81,0.0,0.0,23.0,0.66,177.0,5.11,172.0,4.96,19.0,1.35,288.0,20.59,3437.0,99.12,1444.0,41.66,744.0,21.45,606.0,17.48,2464.0,71.08,744.0,21.46,28.0,0.81,0.0,0.0,23.0,0.66,177.0,5.1,172.0,4.96,18.0,1.32,286.0,20.42,232.0,6.68,74.0,2.14,43.0,1.23,55.0,1.59,178.0,5.12,49.0,1.41,0.0,0.0,0.0,0.0,0.0,0.0,5.0,0.15,5.0,0.13,3.0,0.19,21.0,1.51,,,,,,,,,,,,,,,,,,,,,,,,,,,1663.0,750.0,611.0,2487.0,752.0,28.0,0.0,23.0,177.0,172.0,18.0,288.0
48,01005950600,Alabama,Barbour County,0,2099,828,0,0.0,0.0,0,0,0,0,0,1,30.4,31083.0,0,0,0,0,0,0,0,0,,,,,,,1629.0,77.6,905.0,43.09,433.0,20.63,187.0,8.92,1059.0,50.45,532.0,25.34,9.0,0.43,0.0,0.0,3.0,0.14,26.0,1.24,30.0,1.41,18.0,2.22,219.0,26.49,1388.0,66.15,759.0,36.15,373.0,17.76,151.0,7.18,977.0,46.56,379.0,18.05,9.0,0.43,0.0,0.0,3.0,0.14,20.0,0.97,28.0,1.33,5.0,0.65,183.0,22.11,,,,,,,,,,,,,,,,,,,,,,,,,,,,,,,,,,,,,,,,,,,,,,,,,,,,,1104.0,563.0,254.0,1148.0,893.0,11.0,0.0,4.0,43.0,46.0,42.0,264.0
49,01005950700,Alabama,Barbour County,0,1727,646,0,149.0,8.63,0,0,0,0,0,1,30.1,35625.0,0,0,0,0,0,0,0,0,27.0,27.0,,10.0,10.0,,1396.0,80.85,706.0,40.89,325.0,18.82,303.0,17.53,633.0,36.66,742.0,42.97,1.0,0.06,0.0,0.0,3.0,0.17,17.0,0.99,22.0,1.29,82.0,12.64,129.0,19.91,389.0,22.54,144.0,8.34,89.0,5.15,63.0,3.67,273.0,15.83,108.0,6.23,0.0,0.0,0.0,0.0,0.0,0.0,8.0,0.47,4.0,0.24,17.0,2.7,38.0,5.92,27.0,1.59,10.0,0.59,8.0,0.47,2.0,0.09,11.0,0.64,12.0,0.72,0.0,0.0,0.0,0.0,0.0,0.0,4.0,0.23,0.0,0.0,1.0,0.17,2.0,0.37,,,,,,,,,,,,,,,,,,,,,,,,,,,811.0,393.0,368.0,764.0,922.0,1.0,0.0,3.0,37.0,43.0,106.0,157.0
50,01005950800,Alabama,Barbour County,1,2055,901,0,0.0,0.0,1,1,1,0,0,1,26.3,55306.0,1,1,1,1,1,0,0,0,520.0,1172.0,520.0,199.0,459.0,199.0,1172.0,57.01,459.0,22.36,260.0,12.66,214.0,10.43,542.0,26.38,603.0,29.35,6.0,0.28,0.0,0.0,3.0,0.14,18.0,0.86,24.0,1.17,18.0,1.97,80.0,8.83,520.0,25.29,199.0,9.7,109.0,5.32,89.0,4.33,285.0,13.88,226.0,10.98,3.0,0.13,0.0,0.0,0.0,0.01,6.0,0.28,12.0,0.57,7.0,0.81,33.0,3.68,,,,,,,,,,,,,,,,,,,,,,,,,,,,,,,,,,,,,,,,,,,,,,,,,,,,,906.0,468.0,399.0,1150.0,832.0,30.0,0.0,7.0,36.0,57.0,38.0,170.0
51,01005950900,Alabama,Barbour County,1,4583,1784,0,0.0,0.0,0,1,0,0,0,1,36.9,36091.0,0,1,0,1,0,0,0,0,473.0,2748.0,473.0,225.0,1553.0,225.0,2748.0,59.97,1553.0,33.88,807.0,17.6,354.0,7.72,1368.0,29.86,1213.0,26.46,4.0,0.09,20.0,0.43,1.0,0.02,142.0,3.1,215.0,4.69,92.0,5.17,413.0,23.16,473.0,10.32,225.0,4.9,132.0,2.88,56.0,1.21,286.0,6.23,163.0,3.55,0.0,0.01,3.0,0.06,0.0,0.0,21.0,0.46,26.0,0.56,11.0,0.64,70.0,3.92,,,,,,,,,,,,,,,,,,,,,,,,,,,,,,,,,,,,,,,,,,,,,,,,,,,,,2504.0,1410.0,574.0,1842.0,2519.0,11.0,20.0,1.0,190.0,260.0,179.0,642.0
52,01007010001,Alabama,Bibb County,0,2732,997,0,26.0,0.95,0,0,0,0,1,0,4.2,61897.0,0,0,0,0,0,0,0,1,16.0,16.0,,6.0,6.0,,2732.0,100.0,1036.0,37.9,706.0,25.84,362.0,13.25,2410.0,88.21,276.0,10.1,1.0,0.04,0.0,0.0,7.0,0.26,38.0,1.39,76.0,2.78,134.0,13.45,94.0,9.4,2732.0,100.0,1036.0,37.9,706.0,25.84,362.0,13.25,2410.0,88.21,276.0,10.1,1.0,0.04,0.0,0.0,7.0,0.26,38.0,1.39,76.0,2.78,134.0,13.45,94.0,9.4,16.0,0.6,6.0,0.21,5.0,0.17,1.0,0.05,16.0,0.6,0.0,0.0,0.0,0.0,0.0,0.0,0.0,0.0,0.0,0.0,0.0,0.0,0.0,0.03,0.0,0.05,,,,,,,,,,,,,,,,,,,,,,,,,,,871.0,706.0,362.0,2410.0,276.0,1.0,0.0,7.0,38.0,76.0,87.0,78.0
53,01007010002,Alabama,Bibb County,0,6025,2200,0,44.0,0.73,0,0,0,0,0,0,19.9,62143.0,0,0,0,0,0,0,0,0,0.0,0.0,,0.0,0.0,,5676.0,94.21,2211.0,36.7,1500.0,24.89,608.0,10.1,5252.0,87.18,318.0,5.28,5.0,0.08,0.0,0.0,11.0,0.18,90.0,1.49,71.0,1.18,68.0,3.07,207.0,9.42,5544.0,92.02,2168.0,35.98,1462.0,24.26,598.0,9.93,5137.0,85.26,306.0,5.08,5.0,0.08,0.0,0.0,11.0,0.18,85.0,1.42,71.0,1.17,67.0,3.04,203.0,9.22,0.0,0.0,0.0,0.0,0.0,0.0,0.0,0.0,0.0,0.0,0.0,0.0,0.0,0.0,0.0,0.0,0.0,0.0,0.0,0.0,0.0,0.0,0.0,0.0,0.0,0.0,,,,,,,,,,,,,,,,,,,,,,,,,,,2192.0,1600.0,641.0,5594.0,322.0,5.0,0.0,11.0,93.0,76.0,56.0,198.0
54,01007010003,Alabama,Bibb County,0,5391,2085,0,0.0,0.0,0,0,0,0,0,0,8.9,75625.0,0,0,0,0,0,0,0,0,263.0,263.0,,61.0,61.0,,5391.0,100.0,1254.0,23.26,1225.0,22.72,804.0,14.91,4407.0,81.75,816.0,15.14,6.0,0.11,0.0,0.0,33.0,0.61,129.0,2.39,84.0,1.56,44.0,2.12,170.0,8.17,5336.0,98.97,1237.0,22.95,1216.0,22.55,796.0,14.76,4367.0,81.0,807.0,14.98,6.0,0.11,0.0,0.0,32.0,0.6,123.0,2.28,78.0,1.44,44.0,2.09,169.0,8.09,263.0,4.87,61.0,1.13,68.0,1.26,48.0,0.88,248.0,4.59,10.0,0.19,0.0,0.0,0.0,0.0,1.0,0.03,3.0,0.06,3.0,0.05,0.0,0.01,8.0,0.4,,,,,,,,,,,,,,,,,,,,,,,,,,,1079.0,1225.0,804.0,4407.0,816.0,6.0,0.0,33.0,129.0,84.0,34.0,140.0
55,01007010004,Alabama,Bibb County,0,8767,2671,0,2154.0,24.57,0,0,0,1,1,1,15.7,42917.0,0,0,0,0,0,0,0,1,86.0,86.0,,35.0,35.0,,7190.0,82.01,3848.0,43.9,1393.0,15.88,856.0,9.76,4093.0,46.69,2951.0,33.66,10.0,0.11,13.0,0.15,9.0,0.11,114.0,1.3,148.0,1.69,195.0,7.29,401.0,15.0,3948.0,45.04,2039.0,23.26,814.0,9.29,506.0,5.77,2589.0,29.54,1304.0,14.88,5.0,0.05,6.0,0.06,2.0,0.02,42.0,0.48,43.0,0.49,67.0,2.5,247.0,9.26,86.0,0.98,35.0,0.4,17.0,0.19,23.0,0.26,84.0,0.96,0.0,0.0,2.0,0.02,0.0,0.0,0.0,0.0,0.0,0.0,0.0,0.0,0.0,0.0,8.0,0.29,,,,,,,,,,,,,,,,,,,,,,,,,,,3826.0,1670.0,1099.0,4970.0,3633.0,10.0,13.0,13.0,128.0,170.0,233.0,433.0
56,01009050101,Alabama,Blount County,0,7858,2865,0,129.0,1.64,0,0,0,0,0,1,14.9,52473.0,0,0,0,0,0,0,0,0,,,,,,,7848.0,99.87,2963.0,37.71,1964.0,24.99,1072.0,13.64,6786.0,86.36,257.0,3.27,17.0,0.22,0.0,0.0,55.0,0.7,732.0,9.31,1321.0,16.82,73.0,2.55,257.0,8.97,6903.0,87.85,2544.0,32.38,1701.0,21.65,950.0,12.09,6089.0,77.48,180.0,2.29,8.0,0.1,0.0,0.0,41.0,0.52,585.0,7.45,1047.0,13.32,65.0,2.25,226.0,7.89,,,,,,,,,,,,,,,,,,,,,,,,,,,,,,,,,,,,,,,,,,,,,,,,,,,,,2863.0,1966.0,1073.0,6792.0,257.0,19.0,0.0,55.0,735.0,1325.0,72.0,249.0
57,01009050102,Alabama,Blount County,1,7050,2748,0,276.0,3.91,0,0,0,0,1,0,15.3,67554.0,1,1,1,1,1,0,0,1,3902.0,5432.0,3902.0,1440.0,2039.0,1440.0,5432.0,77.04,2039.0,28.92,1213.0,17.2,1015.0,14.4,4754.0,67.43,135.0,1.92,20.0,0.28,5.0,0.07,8.0,0.11,510.0,7.24,700.0,9.93,119.0,4.33,225.0,8.2,3902.0,55.35,1440.0,20.43,876.0,12.42,671.0,9.52,3493.0,49.55,46.0,0.65,6.0,0.09,3.0,0.05,7.0,0.1,347.0,4.92,503.0,7.13,82.0,2.98,160.0,5.84,,,,,,,,,,,,,,,,,,,,,,,,,,,,,,,,,,,,,,,,,,,,,,,,,,,,,2634.0,1554.0,1495.0,6170.0,178.0,25.0,5.0,16.0,656.0,941.0,154.0,284.0
58,01009050200,Alabama,Blount County,0,3789,1377,0,10.0,0.26,0,0,0,0,0,0,13.9,63828.0,0,0,0,0,0,0,0,0,,,,,,,3486.0,91.99,1339.0,35.35,897.0,23.68,482.0,12.72,3105.0,81.94,18.0,0.47,5.0,0.14,0.0,0.0,14.0,0.37,344.0,9.07,593.0,15.65,25.0,1.79,96.0,6.99,2951.0,77.88,1154.0,30.45,750.0,19.79,403.0,10.64,2628.0,69.36,14.0,0.37,5.0,0.13,0.0,0.0,9.0,0.25,294.0,7.77,482.0,12.72,19.0,1.41,82.0,5.98,,,,,,,,,,,,,,,,,,,,,,,,,,,,,,,,,,,,,,,,,,,,,,,,,,,,,1438.0,976.0,515.0,3360.0,20.0,8.0,0.0,14.0,387.0,673.0,31.0,105.0
59,01009050300,Alabama,Blount County,0,5269,2031,0,0.0,0.0,0,0,0,1,1,1,28.3,49444.0,0,0,0,0,0,0,0,1,,,,,,,5093.0,96.65,2252.0,42.74,1331.0,25.27,764.0,14.51,4620.0,87.68,20.0,0.38,7.0,0.13,9.0,0.17,53.0,1.0,384.0,7.29,473.0,8.98,150.0,7.38,295.0,14.55,4752.0,90.18,2116.0,40.17,1252.0,23.76,703.0,13.35,4288.0,81.38,20.0,0.38,6.0,0.12,9.0,0.17,50.0,0.96,378.0,7.18,470.0,8.92,139.0,6.86,273.0,13.46,,,,,,,,,,,,,,,,,,,,,,,,,,,,,,,,,,,,,,,,,,,,,,,,,,,,,2153.0,1362.0,829.0,4794.0,20.0,7.0,9.0,54.0,385.0,479.0,160.0,293.0
60,01009050400,Alabama,Blount County,0,4451,1740,0,0.0,0.0,0,0,0,0,1,0,14.8,57986.0,0,0,0,0,0,0,0,1,,,,,,,4445.0,99.87,1634.0,36.72,1077.0,24.2,657.0,14.76,4247.0,95.42,13.0,0.29,8.0,0.18,0.0,0.0,17.0,0.38,160.0,3.59,218.0,4.9,104.0,5.98,147.0,8.43,4423.0,99.37,1627.0,36.56,1073.0,24.11,653.0,14.68,4225.0,94.92,13.0,0.29,8.0,0.18,0.0,0.0,17.0,0.38,160.0,3.59,218.0,4.89,103.0,5.93,146.0,8.39,,,,,,,,,,,,,,,,,,,,,,,,,,,,,,,,,,,,,,,,,,,,,,,,,,,,,1523.0,1077.0,659.0,4253.0,13.0,8.0,0.0,17.0,160.0,218.0,98.0,137.0
61,01009050500,Alabama,Blount County,0,7329,2766,0,23.0,0.31,0,0,0,0,0,0,18.4,55551.0,0,0,0,0,0,0,0,0,,,,,,,7176.0,97.92,2862.0,39.06,1854.0,25.3,977.0,13.33,6723.0,91.73,34.0,0.46,15.0,0.2,21.0,0.29,44.0,0.6,340.0,4.64,607.0,8.28,92.0,3.32,264.0,9.53,6921.0,94.44,2785.0,37.99,1782.0,24.32,947.0,12.91,6485.0,88.48,34.0,0.46,14.0,0.19,21.0,0.29,44.0,0.59,324.0,4.42,559.0,7.63,89.0,3.2,255.0,9.21,,,,,,,,,,,,,,,,,,,,,,,,,,,,,,,,,,,,,,,,,,,,,,,,,,,,,3085.0,1892.0,1006.0,6851.0,34.0,16.0,21.0,44.0,363.0,631.0,83.0,241.0
62,01009050601,Alabama,Blount County,0,3922,1421,0,38.0,0.97,0,0,0,0,0,0,7.4,70690.0,0,0,0,0,0,0,0,0,,,,,,,3922.0,100.0,1200.0,30.61,994.0,25.34,542.0,13.82,3848.0,98.11,9.0,0.23,0.0,0.0,0.0,0.0,9.0,0.23,56.0,1.43,29.0,0.74,38.0,2.66,115.0,8.07,3922.0,100.0,1200.0,30.61,994.0,25.34,542.0,13.82,3848.0,98.11,9.0,0.23,0.0,0.0,0.0,0.0,9.0,0.23,56.0,1.43,29.0,0.74,38.0,2.66,115.0,8.07,,,,,,,,,,,,,,,,,,,,,,,,,,,,,,,,,,,,,,,,,,,,,,,,,,,,,1251.0,994.0,542.0,3848.0,9.0,0.0,0.0,9.0,56.0,29.0,36.0,106.0
63,01009050602,Alabama,Blount County,0,8923,3329,0,13.0,0.15,0,0,0,0,0,0,5.5,73045.0,0,0,0,0,0,0,0,0,,,,,,,8923.0,100.0,1821.0,20.4,2242.0,25.13,1090.0,12.22,8558.0,95.91,161.0,1.8,18.0,0.2,2.0,0.02,50.0,0.56,134.0,1.5,96.0,1.08,45.0,1.36,270.0,8.1,8923.0,100.0,1821.0,20.4,2242.0,25.13,1090.0,12.22,8558.0,95.91,161.0,1.8,18.0,0.2,2.0,0.02,50.0,0.56,134.0,1.5,96.0,1.08,45.0,1.36,270.0,8.1,,,,,,,,,,,,,,,,,,,,,,,,,,,,,,,,,,,,,,,,,,,,,,,,,,,,,1908.0,2242.0,1090.0,8558.0,161.0,18.0,2.0,50.0,134.0,96.0,45.0,266.0
64,01009050700,Alabama,Blount County,0,8731,3301,0,0.0,0.0,0,0,0,1,1,1,15.2,53368.0,0,0,0,0,0,0,0,1,,,,,,,8608.0,98.59,3696.0,42.33,2011.0,23.03,1211.0,13.87,8327.0,95.37,69.0,0.79,16.0,0.18,1.0,0.01,46.0,0.53,149.0,1.71,225.0,2.57,176.0,5.34,293.0,8.87,8151.0,93.36,3501.0,40.1,1905.0,21.81,1155.0,13.23,7887.0,90.33,67.0,0.76,16.0,0.18,1.0,0.01,44.0,0.51,136.0,1.56,198.0,2.27,172.0,5.23,277.0,8.38,,,,,,,,,,,,,,,,,,,,,,,,,,,,,,,,,,,,,,,,,,,,,,,,,,,,,3940.0,2043.0,1230.0,8442.0,69.0,16.0,1.0,48.0,155.0,234.0,177.0,285.0
65,01011952100,Alabama,Bullock County,0,1434,612,0,0.0,0.0,1,1,0,0,0,1,43.0,27120.0,1,1,0,0,0,1,0,0,1240.0,1240.0,,876.0,876.0,,1434.0,100.0,1013.0,70.64,340.0,23.71,222.0,15.48,132.0,9.21,1289.0,89.89,0.0,0.0,0.0,0.0,4.0,0.28,9.0,0.63,12.0,0.84,63.0,10.22,207.0,33.9,1434.0,100.0,1013.0,70.64,340.0,23.71,222.0,15.48,132.0,9.21,1289.0,89.89,0.0,0.0,0.0,0.0,4.0,0.28,9.0,0.63,12.0,0.84,63.0,10.22,207.0,33.9,1240.0,86.46,876.0,61.08,296.0,20.67,196.0,13.65,115.0,8.05,1115.0,77.75,0.0,0.0,0.0,0.0,1.0,0.07,8.0,0.59,10.0,0.73,54.0,8.87,180.0,29.44,,,,,,,,,,,,,,,,,,,,,,,,,,,1172.0,340.0,222.0,132.0,1289.0,0.0,0.0,4.0,9.0,12.0,66.0,219.0
66,01011952200,Alabama,Bullock County,1,7102,2117,0,1690.0,23.8,1,1,1,1,1,1,40.4,33074.0,1,1,1,1,1,0,0,1,4897.0,6256.0,4897.0,2264.0,2942.0,2264.0,6256.0,88.08,2942.0,41.43,1376.0,19.38,654.0,9.21,1105.0,15.55,4591.0,64.65,7.0,0.1,43.0,0.61,7.0,0.11,502.0,7.07,613.0,8.62,324.0,15.31,582.0,27.47,4897.0,68.96,2264.0,31.88,1005.0,14.14,467.0,6.58,1024.0,14.42,3364.0,47.36,3.0,0.04,43.0,0.61,5.0,0.07,459.0,6.46,562.0,7.92,225.0,10.62,403.0,19.03,3.0,0.04,2.0,0.03,1.0,0.01,1.0,0.01,0.0,0.0,3.0,0.04,0.0,0.0,0.0,0.0,0.0,0.0,0.0,0.0,0.0,0.0,0.0,0.01,0.0,0.01,,,,,,,,,,,,,,,,,,,,,,,,,,,2717.0,1563.0,818.0,1351.0,5095.0,19.0,43.0,11.0,583.0,725.0,314.0,625.0
67,01011952500,Alabama,Bullock County,0,2378,1016,0,0.0,0.0,0,0,0,0,0,0,8.6,58380.0,1,1,0,0,0,1,0,0,1343.0,1343.0,,389.0,389.0,,2378.0,100.0,721.0,30.33,527.0,22.16,429.0,18.04,1024.0,43.06,1282.0,53.91,1.0,0.04,0.0,0.0,8.0,0.34,63.0,2.65,40.0,1.68,46.0,4.58,90.0,8.91,2378.0,100.0,721.0,30.33,527.0,22.16,429.0,18.04,1024.0,43.06,1282.0,53.91,1.0,0.04,0.0,0.0,8.0,0.34,63.0,2.65,40.0,1.68,46.0,4.58,90.0,8.91,1343.0,56.46,389.0,16.37,263.0,11.05,291.0,12.22,821.0,34.54,491.0,20.63,1.0,0.04,0.0,0.0,7.0,0.29,23.0,0.95,10.0,0.42,26.0,2.58,53.0,5.22,,,,,,,,,,,,,,,,,,,,,,,,,,,878.0,527.0,429.0,1024.0,1282.0,1.0,0.0,8.0,63.0,40.0,43.0,92.0
68,01013952700,Alabama,Butler County,0,2439,1019,0,113.0,4.63,0,0,0,0,0,1,21.9,66515.0,0,0,0,0,0,0,0,0,0.0,0.0,,0.0,0.0,,1840.0,75.43,758.0,31.08,442.0,18.1,269.0,11.01,990.0,40.59,810.0,33.21,21.0,0.85,0.0,0.0,7.0,0.29,12.0,0.48,14.0,0.58,73.0,7.13,132.0,12.99,1305.0,53.5,595.0,24.41,307.0,12.58,183.0,7.5,700.0,28.69,582.0,23.86,9.0,0.38,0.0,0.0,7.0,0.29,7.0,0.29,8.0,0.33,45.0,4.46,90.0,8.79,0.0,0.0,0.0,0.0,0.0,0.0,0.0,0.0,0.0,0.0,0.0,0.0,0.0,0.0,0.0,0.0,0.0,0.0,0.0,0.0,0.0,0.0,0.0,0.0,0.0,0.0,,,,,,,,,,,,,,,,,,,,,,,,,,,782.0,571.0,436.0,1316.0,1065.0,36.0,0.0,7.0,15.0,17.0,69.0,122.0
69,01013952800,Alabama,Butler County,1,1394,608,0,0.0,0.0,0,0,0,0,0,0,18.0,65341.0,0,1,0,1,0,0,0,0,,729.0,,,235.0,,729.0,52.32,235.0,16.85,166.0,11.87,166.0,11.88,616.0,44.2,88.0,6.32,9.0,0.62,0.0,0.0,0.0,0.0,16.0,1.18,24.0,1.74,3.0,0.42,40.0,6.63,,,,,,,,,,,,,,,,,,,,,,,,,,,,,,,,,,,,,,,,,,,,,,,,,,,,,,,,,,,,,,,,,,,,,,,,,,,,,,,401.0,333.0,263.0,1073.0,287.0,12.0,0.0,0.0,22.0,25.0,4.0,63.0
70,01013952900,Alabama,Butler County,0,2180,847,0,0.0,0.0,0,0,0,1,1,1,28.2,53017.0,0,0,0,0,0,0,0,1,,,,,,,2067.0,94.8,966.0,44.31,553.0,25.36,268.0,12.29,855.0,39.22,1150.0,52.76,42.0,1.93,0.0,0.0,4.0,0.18,15.0,0.71,25.0,1.13,105.0,12.36,156.0,18.43,1246.0,57.14,520.0,23.87,341.0,15.63,147.0,6.72,516.0,23.66,692.0,31.74,29.0,1.31,0.0,0.0,3.0,0.13,6.0,0.3,11.0,0.49,61.0,7.18,92.0,10.89,,,,,,,,,,,,,,,,,,,,,,,,,,,,,,,,,,,,,,,,,,,,,,,,,,,,,1078.0,578.0,283.0,899.0,1212.0,49.0,0.0,4.0,16.0,25.0,87.0,130.0
71,01013953000,Alabama,Butler County,0,1469,620,0,0.0,0.0,1,1,0,0,0,1,23.4,50217.0,1,1,0,0,0,1,0,0,541.0,541.0,,253.0,253.0,,1469.0,100.0,694.0,47.26,330.0,22.46,242.0,16.47,843.0,57.39,558.0,37.99,50.0,3.4,0.0,0.0,2.0,0.14,16.0,1.09,3.0,0.2,11.0,1.83,64.0,10.28,1469.0,100.0,694.0,47.26,330.0,22.46,242.0,16.47,843.0,57.39,558.0,37.99,50.0,3.4,0.0,0.0,2.0,0.14,16.0,1.09,3.0,0.2,11.0,1.83,64.0,10.28,541.0,36.86,253.0,17.25,122.0,8.28,90.0,6.15,260.0,17.73,273.0,18.62,3.0,0.2,0.0,0.0,0.0,0.0,5.0,0.31,0.0,0.0,4.0,0.61,22.0,3.51,,,,,,,,,,,,,,,,,,,,,,,,,,,792.0,330.0,242.0,843.0,558.0,50.0,0.0,2.0,16.0,3.0,12.0,56.0
72,01013953100,Alabama,Butler County,1,3023,1153,0,38.0,1.26,1,1,1,1,1,1,37.3,30378.0,1,1,1,1,1,0,0,1,1174.0,2445.0,1174.0,892.0,1638.0,892.0,2445.0,80.87,1638.0,54.19,765.0,25.32,255.0,8.45,598.0,19.77,1817.0,60.12,5.0,0.17,5.0,0.17,1.0,0.05,18.0,0.59,29.0,0.96,111.0,9.67,249.0,21.62,1174.0,38.83,892.0,29.52,344.0,11.38,131.0,4.33,510.0,16.87,646.0,21.36,3.0,0.1,1.0,0.03,1.0,0.03,13.0,0.43,12.0,0.39,39.0,3.38,118.0,10.27,,,,,,,,,,,,,,,,,,,,,,,,,,,,,,,,,,,,,,,,,,,,,,,,,,,,,2006.0,918.0,347.0,785.0,2199.0,10.0,5.0,2.0,22.0,35.0,118.0,254.0
73,01013953200,Alabama,Butler County,0,4327,1738,0,15.0,0.35,1,1,0,1,1,1,17.2,43456.0,1,1,0,0,0,1,0,1,563.0,563.0,,200.0,200.0,,4241.0,98.01,2051.0,47.4,1036.0,23.94,688.0,15.9,2602.0,60.12,1553.0,35.88,12.0,0.28,0.0,0.0,33.0,0.76,42.0,0.96,46.0,1.06,102.0,5.86,372.0,21.39,3327.0,76.89,1353.0,31.26,764.0,17.65,584.0,13.51,2310.0,53.4,950.0,21.97,12.0,0.28,0.0,0.0,31.0,0.72,23.0,0.53,31.0,0.72,77.0,4.43,290.0,16.67,563.0,13.02,200.0,4.63,106.0,2.45,128.0,2.95,379.0,8.75,170.0,3.94,2.0,0.05,0.0,0.0,7.0,0.17,5.0,0.12,3.0,0.07,15.0,0.85,51.0,2.94,,,,,,,,,,,,,,,,,,,,,,,,,,,1663.0,1066.0,694.0,2619.0,1621.0,12.0,0.0,33.0,42.0,46.0,76.0,277.0
74,01013953300,Alabama,Butler County,0,1774,729,0,0.0,0.0,0,0,0,0,0,0,12.5,56635.0,0,0,0,0,0,0,0,0,84.0,84.0,,24.0,24.0,,1774.0,100.0,488.0,27.52,374.0,21.08,323.0,18.21,1581.0,89.12,178.0,10.03,4.0,0.23,0.0,0.0,3.0,0.17,8.0,0.45,9.0,0.51,43.0,5.9,75.0,10.35,1774.0,100.0,488.0,27.52,374.0,21.08,323.0,18.21,1581.0,89.12,178.0,10.03,4.0,0.23,0.0,0.0,3.0,0.17,8.0,0.45,9.0,0.51,43.0,5.9,75.0,10.35,84.0,4.74,24.0,1.38,18.0,1.04,14.0,0.8,83.0,4.69,1.0,0.05,0.0,0.0,0.0,0.0,0.0,0.0,0.0,0.0,1.0,0.06,1.0,0.13,4.0,0.49,,,,,,,,,,,,,,,,,,,,,,,,,,,498.0,374.0,323.0,1581.0,178.0,4.0,0.0,3.0,8.0,9.0,36.0,65.0
75,01013953400,Alabama,Butler County,0,2931,1160,0,167.0,5.7,0,0,0,0,0,1,22.1,37500.0,0,0,0,0,0,0,0,0,9.0,9.0,,4.0,4.0,,2091.0,71.35,1048.0,35.77,455.0,15.52,390.0,13.31,1020.0,34.8,1028.0,35.09,3.0,0.11,2.0,0.07,5.0,0.17,33.0,1.12,12.0,0.41,65.0,5.57,185.0,15.92,1357.0,46.3,650.0,22.19,289.0,9.85,267.0,9.1,800.0,27.29,525.0,17.93,2.0,0.08,1.0,0.03,4.0,0.13,25.0,0.84,8.0,0.26,22.0,1.91,120.0,10.35,9.0,0.3,4.0,0.14,1.0,0.05,3.0,0.12,6.0,0.2,3.0,0.09,0.0,0.0,0.0,0.0,0.0,0.0,0.0,0.0,0.0,0.0,0.0,0.0,1.0,0.07,,,,,,,,,,,,,,,,,,,,,,,,,,,1463.0,621.0,646.0,1237.0,1641.0,4.0,2.0,6.0,41.0,14.0,95.0,195.0
76,01013953500,Alabama,Butler County,0,1410,617,0,0.0,0.0,0,0,0,0,0,1,24.8,48477.0,0,0,0,0,0,0,0,0,137.0,137.0,,75.0,75.0,,1410.0,100.0,769.0,54.56,265.0,18.79,255.0,18.09,1046.0,74.18,334.0,23.69,0.0,0.0,0.0,0.0,3.0,0.21,27.0,1.91,17.0,1.21,29.0,4.71,109.0,17.62,1410.0,100.0,769.0,54.56,265.0,18.79,255.0,18.09,1046.0,74.18,334.0,23.69,0.0,0.0,0.0,0.0,3.0,0.21,27.0,1.91,17.0,1.21,29.0,4.71,109.0,17.62,137.0,9.72,75.0,5.3,23.0,1.63,24.0,1.7,17.0,1.21,118.0,8.37,0.0,0.0,0.0,0.0,0.0,0.0,2.0,0.14,7.0,0.5,3.0,0.49,11.0,1.83,,,,,,,,,,,,,,,,,,,,,,,,,,,790.0,265.0,255.0,1046.0,334.0,0.0,0.0,3.0,27.0,17.0,23.0,86.0
77,01015000200,Alabama,Calhoun County,1,3104,1348,0,9.0,0.29,0,1,0,0,0,1,15.9,34401.0,0,1,0,1,0,0,0,0,150.0,1540.0,150.0,82.0,850.0,82.0,1540.0,49.62,850.0,27.39,370.0,11.93,235.0,7.57,633.0,20.4,858.0,27.63,11.0,0.35,1.0,0.03,5.0,0.17,32.0,1.04,38.0,1.23,66.0,4.88,107.0,7.92,150.0,4.83,82.0,2.65,37.0,1.18,24.0,0.76,63.0,2.04,84.0,2.71,0.0,0.01,0.0,0.0,0.0,0.0,2.0,0.07,3.0,0.08,6.0,0.42,10.0,0.75,,,,,,,,,,,,,,,,,,,,,,,,,,,,,,,,,,,,,,,,,,,,,,,,,,,,,1424.0,685.0,452.0,1275.0,1725.0,13.0,1.0,12.0,78.0,89.0,144.0,205.0
78,01015000300,Alabama,Calhoun County,1,2951,1235,0,91.0,3.08,0,1,0,1,1,1,40.5,26488.0,0,1,0,1,0,0,0,1,64.0,2019.0,64.0,43.0,1374.0,43.0,2019.0,68.42,1374.0,46.57,503.0,17.05,220.0,7.47,191.0,6.49,1785.0,60.5,1.0,0.05,1.0,0.03,9.0,0.32,30.0,1.03,33.0,1.13,108.0,8.73,314.0,25.46,64.0,2.16,43.0,1.46,21.0,0.7,5.0,0.16,5.0,0.16,58.0,1.98,0.0,0.0,0.0,0.0,0.0,0.01,0.0,0.01,1.0,0.05,3.0,0.22,10.0,0.79,,,,,,,,,,,,,,,,,,,,,,,,,,,,,,,,,,,,,,,,,,,,,,,,,,,,,1705.0,697.0,386.0,504.0,2387.0,3.0,1.0,12.0,44.0,48.0,191.0,485.0
79,01015000400,Alabama,Calhoun County,1,2812,1182,0,9.0,0.32,1,1,1,1,1,1,36.6,35082.0,1,1,1,1,1,0,0,1,2371.0,2812.0,2371.0,1443.0,1695.0,1443.0,2812.0,99.99,1695.0,60.29,665.0,23.65,491.0,17.45,1017.0,36.15,1712.0,60.88,6.0,0.21,1.0,0.04,13.0,0.46,63.0,2.24,57.0,2.03,155.0,13.09,490.0,41.45,2371.0,84.31,1443.0,51.31,583.0,20.72,395.0,14.04,885.0,31.47,1409.0,50.1,6.0,0.2,1.0,0.04,11.0,0.39,59.0,2.11,54.0,1.91,130.0,10.96,405.0,34.26,,,,,,,,,,,,,,,,,,,,,,,,,,,,,,,,,,,,,,,,,,,,,,,,,,,,,1748.0,665.0,491.0,1017.0,1712.0,6.0,1.0,13.0,63.0,57.0,140.0,415.0
80,01015000500,Alabama,Calhoun County,1,1814,787,0,0.0,0.0,1,1,1,1,1,1,52.0,17339.0,1,1,1,1,1,0,0,1,659.0,1814.0,659.0,492.0,1398.0,492.0,1814.0,100.0,1398.0,77.07,496.0,27.34,301.0,16.59,121.0,6.67,1647.0,90.79,2.0,0.11,0.0,0.0,3.0,0.17,41.0,2.26,18.0,0.99,260.0,33.09,347.0,44.1,659.0,36.33,492.0,27.13,179.0,9.89,97.0,5.32,17.0,0.95,622.0,34.28,2.0,0.11,0.0,0.0,3.0,0.14,15.0,0.85,7.0,0.39,88.0,11.14,127.0,16.18,,,,,,,,,,,,,,,,,,,,,,,,,,,,,,,,,,,,,,,,,,,,,,,,,,,,,847.0,496.0,301.0,121.0,1647.0,2.0,0.0,3.0,41.0,18.0,177.0,239.0
81,01015000600,Alabama,Calhoun County,1,2191,745,0,409.0,18.67,1,1,1,1,1,1,53.0,13618.0,1,1,1,1,1,0,0,1,1323.0,2181.0,1323.0,863.0,1502.0,863.0,2181.0,99.56,1502.0,68.54,558.0,25.46,165.0,7.55,526.0,24.01,1588.0,72.46,5.0,0.23,1.0,0.05,4.0,0.18,58.0,2.63,35.0,1.59,216.0,28.97,383.0,51.37,1323.0,60.37,863.0,39.37,325.0,14.82,100.0,4.56,380.0,17.35,907.0,41.4,3.0,0.14,0.0,0.0,3.0,0.14,30.0,1.35,23.0,1.03,138.0,18.59,238.0,31.99,,,,,,,,,,,,,,,,,,,,,,,,,,,,,,,,,,,,,,,,,,,,,,,,,,,,,1087.0,560.0,167.0,529.0,1594.0,5.0,1.0,4.0,58.0,35.0,203.0,360.0
82,01015000700,Alabama,Calhoun County,1,2715,1189,0,74.0,2.73,1,1,1,0,0,1,37.7,41528.0,1,1,1,1,1,0,0,0,626.0,1874.0,626.0,235.0,929.0,235.0,1874.0,69.02,929.0,34.21,497.0,18.3,264.0,9.72,1068.0,39.32,692.0,25.49,17.0,0.64,5.0,0.18,13.0,0.46,79.0,2.92,69.0,2.56,63.0,5.3,317.0,26.64,626.0,23.07,235.0,8.66,132.0,4.88,116.0,4.27,396.0,14.6,192.0,7.07,10.0,0.39,4.0,0.15,7.0,0.28,16.0,0.59,13.0,0.46,14.0,1.15,113.0,9.54,,,,,,,,,,,,,,,,,,,,,,,,,,,,,,,,,,,,,,,,,,,,,,,,,,,,,1302.0,700.0,345.0,1435.0,1101.0,30.0,5.0,16.0,128.0,102.0,97.0,435.0
83,01015000800,Alabama,Calhoun County,1,1379,547,0,263.0,19.07,1,1,1,0,0,1,30.2,30333.0,1,1,1,1,1,0,0,0,628.0,1301.0,628.0,358.0,742.0,358.0,1301.0,94.35,742.0,53.79,244.0,17.69,231.0,16.75,655.0,47.51,577.0,41.83,1.0,0.07,0.0,0.0,7.0,0.51,61.0,4.42,67.0,4.86,89.0,16.31,171.0,31.34,628.0,45.51,358.0,25.95,142.0,10.33,88.0,6.37,194.0,14.1,386.0,27.98,1.0,0.07,0.0,0.0,5.0,0.36,41.0,2.99,37.0,2.68,52.0,9.46,99.0,18.19,,,,,,,,,,,,,,,,,,,,,,,,,,,,,,,,,,,,,,,,,,,,,,,,,,,,,508.0,244.0,289.0,706.0,602.0,1.0,0.0,7.0,63.0,67.0,77.0,148.0
84,01015000900,Alabama,Calhoun County,1,3362,1597,0,147.0,4.37,1,1,1,0,0,1,20.9,62176.0,1,1,1,1,1,0,0,0,2791.0,3362.0,2791.0,1211.0,1410.0,1211.0,3362.0,100.0,1410.0,41.94,518.0,15.41,1029.0,30.61,2679.0,79.68,593.0,17.64,26.0,0.77,1.0,0.03,3.0,0.09,60.0,1.78,70.0,2.08,87.0,5.42,227.0,14.24,2791.0,83.02,1211.0,36.03,461.0,13.71,761.0,22.64,2219.0,66.01,506.0,15.04,22.0,0.65,1.0,0.03,3.0,0.09,40.0,1.19,52.0,1.56,69.0,4.34,186.0,11.62,,,,,,,,,,,,,,,,,,,,,,,,,,,,,,,,,,,,,,,,,,,,,,,,,,,,,1511.0,518.0,1029.0,2679.0,593.0,26.0,1.0,3.0,60.0,70.0,87.0,233.0
85,01015001000,Alabama,Calhoun County,1,5792,2593,0,0.0,0.0,0,0,0,0,0,0,13.3,65847.0,1,1,1,1,1,0,0,0,1447.0,4653.0,1447.0,458.0,1407.0,458.0,4653.0,80.33,1407.0,24.29,880.0,15.19,821.0,14.17,3371.0,58.2,955.0,16.49,124.0,2.15,3.0,0.06,17.0,0.3,182.0,3.14,273.0,4.72,39.0,1.5,129.0,4.96,1447.0,24.98,458.0,7.91,286.0,4.93,243.0,4.2,1218.0,21.03,168.0,2.9,38.0,0.65,0.0,0.0,3.0,0.06,20.0,0.34,44.0,0.76,12.0,0.46,38.0,1.48,,,,,,,,,,,,,,,,,,,,,,,,,,,,,,,,,,,,,,,,,,,,,,,,,,,,,1852.0,1137.0,1019.0,4165.0,1183.0,158.0,4.0,22.0,260.0,372.0,48.0,153.0
86,01015001100,Alabama,Calhoun County,1,6565,2634,0,23.0,0.35,0,0,0,0,0,0,8.9,76326.0,1,1,1,1,1,0,0,0,3710.0,5459.0,3710.0,928.0,1712.0,928.0,5459.0,83.16,1712.0,26.08,1292.0,19.68,648.0,9.88,4372.0,66.59,650.0,9.91,58.0,0.89,1.0,0.02,24.0,0.36,354.0,5.39,447.0,6.8,88.0,3.34,216.0,8.19,3710.0,56.51,928.0,14.14,850.0,12.94,461.0,7.03,3195.0,48.66,336.0,5.12,31.0,0.47,1.0,0.02,10.0,0.15,137.0,2.09,176.0,2.68,42.0,1.59,146.0,5.53,,,,,,,,,,,,,,,,,,,,,,,,,,,,,,,,,,,,,,,,,,,,,,,,,,,,,2304.0,1569.0,794.0,5081.0,876.0,78.0,1.0,32.0,497.0,628.0,121.0,277.0
87,01015001201,Alabama,Calhoun County,1,3482,1294,0,236.0,6.78,1,1,1,0,0,1,22.0,35729.0,1,1,1,1,1,0,0,0,1020.0,1664.0,1020.0,501.0,895.0,501.0,1664.0,47.79,895.0,25.71,426.0,12.23,281.0,8.08,1068.0,30.68,535.0,15.37,5.0,0.15,4.0,0.11,4.0,0.12,47.0,1.35,67.0,1.93,30.0,2.32,133.0,10.27,1020.0,29.3,501.0,14.39,243.0,6.98,199.0,5.72,822.0,23.62,162.0,4.65,2.0,0.06,2.0,0.06,2.0,0.07,30.0,0.85,33.0,0.96,17.0,1.29,83.0,6.38,,,,,,,,,,,,,,,,,,,,,,,,,,,,,,,,,,,,,,,,,,,,,,,,,,,,,1721.0,822.0,671.0,2217.0,1016.0,13.0,4.0,10.0,222.0,261.0,62.0,239.0
88,01015001202,Alabama,Calhoun County,1,4318,1609,0,0.0,0.0,0,0,0,0,0,0,9.7,54688.0,1,1,1,1,1,0,0,0,3535.0,4247.0,3535.0,1552.0,1887.0,1552.0,4247.0,98.35,1887.0,43.71,1094.0,25.35,594.0,13.75,3394.0,78.61,515.0,11.93,32.0,0.74,1.0,0.02,17.0,0.4,287.0,6.65,429.0,9.94,49.0,3.07,177.0,11.01,3535.0,81.87,1552.0,35.94,930.0,21.55,511.0,11.84,2840.0,65.78,390.0,9.03,30.0,0.69,1.0,0.02,16.0,0.36,258.0,5.98,397.0,9.19,40.0,2.48,146.0,9.05,,,,,,,,,,,,,,,,,,,,,,,,,,,,,,,,,,,,,,,,,,,,,,,,,,,,,1746.0,1113.0,604.0,3464.0,515.0,32.0,1.0,18.0,288.0,429.0,49.0,170.0
89,01015001300,Alabama,Calhoun County,1,2211,865,0,0.0,0.0,1,1,1,0,0,1,21.0,47736.0,1,1,1,1,1,0,0,0,643.0,1588.0,643.0,319.0,796.0,319.0,1588.0,71.84,796.0,35.99,401.0,18.15,246.0,11.12,1490.0,67.38,55.0,2.47,7.0,0.32,1.0,0.05,5.0,0.23,31.0,1.39,24.0,1.08,30.0,3.44,155.0,17.97,643.0,29.1,319.0,14.43,157.0,7.12,109.0,4.91,594.0,26.89,30.0,1.34,5.0,0.22,0.0,0.0,0.0,0.0,15.0,0.66,11.0,0.5,13.0,1.49,65.0,7.48,,,,,,,,,,,,,,,,,,,,,,,,,,,,,,,,,,,,,,,,,,,,,,,,,,,,,1020.0,534.0,342.0,2075.0,64.0,7.0,1.0,13.0,51.0,41.0,36.0,190.0
90,01015001400,Alabama,Calhoun County,0,3731,1427,0,0.0,0.0,0,0,0,0,0,0,15.2,54605.0,0,0,0,0,0,0,0,0,,,,,,,3727.0,99.9,1622.0,43.48,802.0,21.49,538.0,14.41,2908.0,77.93,724.0,19.4,5.0,0.13,1.0,0.03,17.0,0.46,73.0,1.96,75.0,2.01,45.0,3.13,243.0,17.03,3579.0,95.93,1540.0,41.27,771.0,20.66,507.0,13.58,2849.0,76.36,636.0,17.05,5.0,0.13,1.0,0.03,16.0,0.42,73.0,1.94,75.0,2.01,41.0,2.87,233.0,16.31,,,,,,,,,,,,,,,,,,,,,,,,,,,,,,,,,,,,,,,,,,,,,,,,,,,,,1336.0,803.0,538.0,2909.0,726.0,5.0,1.0,17.0,73.0,75.0,43.0,207.0
91,01015001500,Alabama,Calhoun County,1,5198,2030,0,0.0,0.0,1,1,1,1,1,1,17.2,48945.0,1,1,1,1,1,0,0,1,3128.0,4561.0,3128.0,1232.0,2012.0,1232.0,4561.0,87.75,2012.0,38.71,1119.0,21.53,585.0,11.25,3985.0,76.67,358.0,6.89,8.0,0.15,1.0,0.02,29.0,0.55,181.0,3.48,159.0,3.06,178.0,8.75,371.0,18.25,3128.0,60.18,1232.0,23.7,758.0,14.58,402.0,7.73,2802.0,53.9,188.0,3.61,4.0,0.09,1.0,0.02,23.0,0.43,110.0,2.13,88.0,1.69,125.0,6.15,254.0,12.53,,,,,,,,,,,,,,,,,,,,,,,,,,,,,,,,,,,,,,,,,,,,,,,,,,,,,2457.0,1262.0,700.0,4525.0,431.0,10.0,1.0,33.0,198.0,180.0,158.0,389.0
92,01015001600,Alabama,Calhoun County,1,3791,1489,0,0.0,0.0,1,1,1,0,0,1,22.2,45250.0,1,1,1,1,1,0,0,0,2065.0,3343.0,2065.0,1110.0,1778.0,1110.0,3343.0,88.17,1778.0,46.91,848.0,22.38,447.0,11.79,2741.0,72.31,420.0,11.07,19.0,0.49,0.0,0.0,17.0,0.44,146.0,3.86,148.0,3.9,22.0,1.5,411.0,27.58,2065.0,54.47,1110.0,29.28,508.0,13.4,283.0,7.46,1776.0,46.86,190.0,5.02,14.0,0.38,0.0,0.0,11.0,0.28,73.0,1.92,68.0,1.8,12.0,0.82,255.0,17.12,,,,,,,,,,,,,,,,,,,,,,,,,,,,,,,,,,,,,,,,,,,,,,,,,,,,,1903.0,972.0,492.0,3043.0,541.0,25.0,0.0,17.0,165.0,171.0,29.0,427.0
93,01015001700,Alabama,Calhoun County,1,6329,2561,0,5.0,0.08,0,0,0,0,0,0,13.0,61242.0,1,1,1,1,1,0,0,0,2806.0,5669.0,2806.0,1182.0,2261.0,1182.0,5669.0,89.58,2261.0,35.73,1248.0,19.71,996.0,15.74,4100.0,64.77,1286.0,20.32,53.0,0.84,4.0,0.06,20.0,0.31,207.0,3.28,165.0,2.6,90.0,3.52,292.0,11.39,2806.0,44.34,1182.0,18.68,633.0,10.0,444.0,7.02,1943.0,30.7,701.0,11.08,31.0,0.5,3.0,0.04,10.0,0.15,118.0,1.87,77.0,1.21,65.0,2.54,143.0,5.59,,,,,,,,,,,,,,,,,,,,,,,,,,,,,,,,,,,,,,,,,,,,,,,,,,,,,2692.0,1373.0,1148.0,4622.0,1399.0,60.0,4.0,23.0,221.0,184.0,110.0,339.0
94,01015001800,Alabama,Calhoun County,1,6919,2671,0,0.0,0.0,0,0,0,0,0,0,15.3,56972.0,1,1,1,1,1,0,0,0,6829.0,6916.0,6829.0,2425.0,2464.0,2425.0,6916.0,99.96,2464.0,35.62,1819.0,26.29,891.0,12.88,5744.0,83.02,858.0,12.4,57.0,0.82,11.0,0.16,48.0,0.69,198.0,2.86,160.0,2.31,86.0,3.2,407.0,15.23,6829.0,98.69,2425.0,35.05,1800.0,26.01,879.0,12.7,5667.0,81.91,855.0,12.35,57.0,0.82,11.0,0.16,44.0,0.63,195.0,2.82,159.0,2.3,84.0,3.16,402.0,15.05,,,,,,,,,,,,,,,,,,,,,,,,,,,,,,,,,,,,,,,,,,,,,,,,,,,,,2417.0,1820.0,892.0,5747.0,858.0,57.0,11.0,48.0,198.0,160.0,79.0,378.0
95,01015002000,Alabama,Calhoun County,0,7335,2784,0,0.0,0.0,0,0,0,0,0,0,9.1,68400.0,0,0,0,0,0,0,0,0,,,,,,,7044.0,96.04,1564.0,21.32,1780.0,24.27,779.0,10.62,6430.0,87.66,352.0,4.8,50.0,0.68,3.0,0.04,28.0,0.38,181.0,2.47,166.0,2.26,55.0,1.99,168.0,6.03,6332.0,86.33,1406.0,19.16,1585.0,21.61,716.0,9.77,5776.0,78.74,326.0,4.45,48.0,0.66,3.0,0.04,24.0,0.33,154.0,2.1,132.0,1.8,47.0,1.7,151.0,5.41,,,,,,,,,,,,,,,,,,,,,,,,,,,,,,,,,,,,,,,,,,,,,,,,,,,,,1664.0,1851.0,808.0,6667.0,358.0,51.0,3.0,29.0,227.0,221.0,52.0,175.0
96,01015002101,Alabama,Calhoun County,1,3992,1333,0,1405.0,35.2,1,1,1,1,1,1,47.6,52500.0,1,1,1,1,1,0,0,1,3264.0,3985.0,3264.0,1892.0,2311.0,1892.0,3985.0,99.82,2311.0,57.9,226.0,5.66,152.0,3.8,2181.0,54.64,1677.0,42.02,40.0,1.0,4.0,0.1,16.0,0.4,66.0,1.65,75.0,1.88,131.0,9.81,276.0,20.69,3264.0,81.75,1892.0,47.39,162.0,4.07,119.0,2.99,1672.0,41.88,1491.0,37.36,36.0,0.9,2.0,0.05,14.0,0.35,49.0,1.22,67.0,1.68,104.0,7.8,220.0,16.5,,,,,,,,,,,,,,,,,,,,,,,,,,,,,,,,,,,,,,,,,,,,,,,,,,,,,1275.0,228.0,152.0,2187.0,1679.0,40.0,4.0,16.0,66.0,75.0,98.0,208.0
97,01015002102,Alabama,Calhoun County,1,3411,1428,0,0.0,0.0,0,0,0,0,0,0,13.9,80625.0,1,1,1,1,1,0,0,0,2449.0,3322.0,2449.0,599.0,1095.0,599.0,3322.0,97.4,1095.0,32.11,670.0,19.66,634.0,18.59,2790.0,81.79,404.0,11.86,31.0,0.91,5.0,0.15,15.0,0.44,77.0,2.25,70.0,2.04,0.0,0.0,156.0,10.95,2449.0,71.8,599.0,17.56,492.0,14.44,525.0,15.4,2165.0,63.48,197.0,5.79,20.0,0.59,5.0,0.15,14.0,0.41,47.0,1.39,42.0,1.23,0.0,0.0,112.0,7.83,,,,,,,,,,,,,,,,,,,,,,,,,,,,,,,,,,,,,,,,,,,,,,,,,,,,,1106.0,699.0,644.0,2811.0,465.0,34.0,5.0,15.0,81.0,71.0,0.0,149.0
98,01015002103,Alabama,Calhoun County,1,6801,2851,0,147.0,2.16,1,1,1,1,1,1,25.3,47159.0,1,1,1,1,1,0,0,1,1456.0,4348.0,1456.0,670.0,2098.0,670.0,4348.0,63.93,2098.0,30.85,1058.0,15.55,460.0,6.77,3338.0,49.08,744.0,10.93,76.0,1.12,9.0,0.13,29.0,0.43,152.0,2.24,131.0,1.93,101.0,3.54,470.0,16.47,1456.0,21.41,670.0,9.85,336.0,4.94,160.0,2.35,1145.0,16.84,236.0,3.48,16.0,0.23,2.0,0.02,7.0,0.11,50.0,0.73,41.0,0.61,43.0,1.51,165.0,5.8,,,,,,,,,,,,,,,,,,,,,,,,,,,,,,,,,,,,,,,,,,,,,,,,,,,,,3352.0,1611.0,829.0,4988.0,1405.0,112.0,12.0,46.0,238.0,192.0,137.0,707.0
99,01015002200,Alabama,Calhoun County,1,3652,1494,0,2.0,0.05,0,0,0,0,0,0,16.6,54063.0,1,1,1,1,1,0,0,0,1612.0,2700.0,1612.0,662.0,1104.0,662.0,2700.0,73.95,1104.0,30.22,605.0,16.58,472.0,12.94,2577.0,70.56,79.0,2.16,4.0,0.12,0.0,0.0,8.0,0.22,33.0,0.89,31.0,0.84,20.0,1.36,152.0,10.15,1612.0,44.15,662.0,18.13,376.0,10.29,257.0,7.03,1561.0,42.75,37.0,1.02,0.0,0.0,0.0,0.0,6.0,0.17,7.0,0.2,19.0,0.51,0.0,0.02,87.0,5.83,,,,,,,,,,,,,,,,,,,,,,,,,,,,,,,,,,,,,,,,,,,,,,,,,,,,,1365.0,837.0,628.0,3442.0,134.0,5.0,1.0,13.0,57.0,46.0,25.0,194.0
